"","accession","keggmap"
"1","HMDB0000001","map00340"
"2","HMDB0000002","map00410"
"3","HMDB0000005","map00260"
"4","HMDB0000005","map00270"
"5","HMDB0000005","map00640"
"6","HMDB0000005","map00450"
"7","HMDB0000008","map00640"
"8","HMDB0000011","map00072"
"9","HMDB0000012","map00240"
"10","HMDB0000014","map00240"
"11","HMDB0000015","map00140"
"12","HMDB0000016","map00140"
"13","HMDB0000017","map00750"
"14","HMDB0000019","map00280"
"15","HMDB0000020","map00350"
"16","HMDB0000021","map00350"
"17","HMDB0000022","map00350"
"18","HMDB0000023","map00280"
"19","HMDB0000024","map00500"
"20","HMDB0000026","map00410"
"21","HMDB0000026","map00240"
"22","HMDB0000027","map00330"
"23","HMDB0000027","map00360"
"24","HMDB0000027","map00790"
"25","HMDB0000027","map00380"
"26","HMDB0000027","map00350"
"27","HMDB0000027","map00350"
"28","HMDB0000030","map00250"
"29","HMDB0000030","map00780"
"30","HMDB0000030","map00020"
"31","HMDB0000030","map00250"
"32","HMDB0000030","map00010"
"33","HMDB0000030","map00910"
"34","HMDB0000030","map00640"
"35","HMDB0000030","map00620"
"36","HMDB0000030","map00280"
"37","HMDB0000032","map00100"
"38","HMDB0000033","map00410"
"39","HMDB0000033","map00340"
"40","HMDB0000034","map00230"
"41","HMDB0000036","map00120"
"42","HMDB0000037","map00140"
"43","HMDB0000038","map00790"
"44","HMDB0000038","map00350"
"45","HMDB0000039","map00650"
"46","HMDB0000042","map00520"
"47","HMDB0000042","map00250"
"48","HMDB0000042","map00620"
"49","HMDB0000043","map00260"
"50","HMDB0000043","map00260"
"51","HMDB0000043","map00270"
"52","HMDB0000044","map00350"
"53","HMDB0000044","map00350"
"54","HMDB0000045","map00250"
"55","HMDB0000045","map00330"
"56","HMDB0000045","map00250"
"57","HMDB0000045","map00650"
"58","HMDB0000045","map00270"
"59","HMDB0000045","map00071"
"60","HMDB0000045","map00250"
"61","HMDB0000045","map00260"
"62","HMDB0000045","map00340"
"63","HMDB0000045","map00270"
"64","HMDB0000045","map00760"
"65","HMDB0000045","map00910"
"66","HMDB0000045","map00770"
"67","HMDB0000045","map00360"
"68","HMDB0000045","map00360"
"69","HMDB0000045","map00640"
"70","HMDB0000045","map00230"
"71","HMDB0000045","map00620"
"72","HMDB0000045","map00740"
"73","HMDB0000045","map00450"
"74","HMDB0000045","map00730"
"75","HMDB0000045","map00330"
"76","HMDB0000048","map00052"
"77","HMDB0000050","map00260"
"78","HMDB0000050","map00270"
"79","HMDB0000050","map00230"
"80","HMDB0000050","map00450"
"81","HMDB0000051","map00520"
"82","HMDB0000051","map00330"
"83","HMDB0000051","map00250"
"84","HMDB0000051","map00410"
"85","HMDB0000051","map00270"
"86","HMDB0000051","map00472"
"87","HMDB0000051","map00250"
"88","HMDB0000051","map00260"
"89","HMDB0000051","map00340"
"90","HMDB0000051","map00270"
"91","HMDB0000051","map00910"
"92","HMDB0000051","map00670"
"93","HMDB0000051","map00360"
"94","HMDB0000051","map00860"
"95","HMDB0000051","map00230"
"96","HMDB0000051","map00240"
"97","HMDB0000051","map00450"
"98","HMDB0000051","map00350"
"99","HMDB0000051","map00330"
"100","HMDB0000051","map00750"
"101","HMDB0000052","map00330"
"102","HMDB0000052","map00250"
"103","HMDB0000052","map00330"
"104","HMDB0000053","map00150"
"105","HMDB0000054","map00860"
"106","HMDB0000056","map00250"
"107","HMDB0000056","map00410"
"108","HMDB0000056","map00340"
"109","HMDB0000056","map00640"
"110","HMDB0000056","map00240"
"111","HMDB0000058","map00230"
"112","HMDB0000060","map00650"
"113","HMDB0000060","map00072"
"114","HMDB0000060","map00360"
"115","HMDB0000060","map00350"
"116","HMDB0000060","map00280"
"117","HMDB0000061","map00150"
"118","HMDB0000061","map00500"
"119","HMDB0000061","map00920"
"120","HMDB0000062","map01040"
"121","HMDB0000062","map00071"
"122","HMDB0000063","map00140"
"123","HMDB0000064","map00330"
"124","HMDB0000064","map00260"
"125","HMDB0000067","map00120"
"126","HMDB0000067","map00100"
"127","HMDB0000067","map00140"
"128","HMDB0000068","map00350"
"129","HMDB0000068","map00350"
"130","HMDB0000071","map00230"
"131","HMDB0000072","map00020"
"132","HMDB0000073","map00350"
"133","HMDB0000073","map00350"
"134","HMDB0000076","map00410"
"135","HMDB0000076","map00240"
"136","HMDB0000077","map00150"
"137","HMDB0000078","map00480"
"138","HMDB0000079","map00240"
"139","HMDB0000082","map00520"
"140","HMDB0000082","map00770"
"141","HMDB0000082","map00240"
"142","HMDB0000085","map00230"
"143","HMDB0000086","map00830"
"144","HMDB0000089","map00240"
"145","HMDB0000092","map00260"
"146","HMDB0000092","map00260"
"147","HMDB0000092","map00270"
"148","HMDB0000094","map00020"
"149","HMDB0000095","map00770"
"150","HMDB0000095","map00562"
"151","HMDB0000095","map00240"
"152","HMDB0000097","map00260"
"153","HMDB0000097","map00270"
"154","HMDB0000097","map00564"
"155","HMDB0000099","map00260"
"156","HMDB0000099","map00270"
"157","HMDB0000101","map00230"
"158","HMDB0000107","map00052"
"159","HMDB0000112","map00250"
"160","HMDB0000114","map00564"
"161","HMDB0000118","map00350"
"162","HMDB0000119","map00250"
"163","HMDB0000119","map00260"
"164","HMDB0000121","map00670"
"165","HMDB0000121","map00790"
"166","HMDB0000122","map00052"
"167","HMDB0000122","map00010"
"168","HMDB0000122","map00010"
"169","HMDB0000122","map00500"
"170","HMDB0000123","map00250"
"171","HMDB0000123","map00330"
"172","HMDB0000123","map00250"
"173","HMDB0000123","map00480"
"174","HMDB0000123","map00260"
"175","HMDB0000123","map00270"
"176","HMDB0000123","map00910"
"177","HMDB0000123","map00860"
"178","HMDB0000123","map00120"
"179","HMDB0000123","map00230"
"180","HMDB0000124","map00520"
"181","HMDB0000124","map00051"
"182","HMDB0000124","map00250"
"183","HMDB0000124","map00010"
"184","HMDB0000124","map00010"
"185","HMDB0000125","map00590"
"186","HMDB0000125","map00250"
"187","HMDB0000125","map00480"
"188","HMDB0000125","map00620"
"189","HMDB0000126","map00561"
"190","HMDB0000126","map00190"
"191","HMDB0000126","map00564"
"192","HMDB0000127","map00562"
"193","HMDB0000127","map00500"
"194","HMDB0000128","map00330"
"195","HMDB0000128","map00260"
"196","HMDB0000130","map00360"
"197","HMDB0000130","map00350"
"198","HMDB0000131","map00052"
"199","HMDB0000131","map00561"
"200","HMDB0000132","map00230"
"201","HMDB0000133","map00230"
"202","HMDB0000134","map00330"
"203","HMDB0000134","map00250"
"204","HMDB0000134","map00020"
"205","HMDB0000134","map00190"
"206","HMDB0000134","map00360"
"207","HMDB0000134","map00230"
"208","HMDB0000134","map00350"
"209","HMDB0000134","map00330"
"210","HMDB0000138","map00120"
"211","HMDB0000139","map00561"
"212","HMDB0000139","map00260"
"213","HMDB0000142","map00150"
"214","HMDB0000142","map00670"
"215","HMDB0000142","map00790"
"216","HMDB0000142","map00100"
"217","HMDB0000142","map00380"
"218","HMDB0000143","map00052"
"219","HMDB0000143","map00520"
"220","HMDB0000143","map00500"
"221","HMDB0000145","map00150"
"222","HMDB0000145","map00920"
"223","HMDB0000148","map00250"
"224","HMDB0000148","map00520"
"225","HMDB0000148","map00590"
"226","HMDB0000148","map00330"
"227","HMDB0000148","map00250"
"228","HMDB0000148","map00410"
"229","HMDB0000148","map00270"
"230","HMDB0000148","map00250"
"231","HMDB0000148","map00480"
"232","HMDB0000148","map00260"
"233","HMDB0000148","map00340"
"234","HMDB0000148","map00310"
"235","HMDB0000148","map00760"
"236","HMDB0000148","map00910"
"237","HMDB0000148","map00670"
"238","HMDB0000148","map00360"
"239","HMDB0000148","map00640"
"240","HMDB0000148","map00230"
"241","HMDB0000148","map00380"
"242","HMDB0000148","map00350"
"243","HMDB0000148","map00330"
"244","HMDB0000148","map00280"
"245","HMDB0000149","map00564"
"246","HMDB0000151","map00150"
"247","HMDB0000156","map00020"
"248","HMDB0000156","map00010"
"249","HMDB0000156","map00620"
"250","HMDB0000157","map00230"
"251","HMDB0000158","map00360"
"252","HMDB0000158","map00350"
"253","HMDB0000158","map00350"
"254","HMDB0000159","map00360"
"255","HMDB0000161","map00250"
"256","HMDB0000161","map00250"
"257","HMDB0000161","map00480"
"258","HMDB0000161","map00260"
"259","HMDB0000161","map00450"
"260","HMDB0000161","map00380"
"261","HMDB0000161","map00330"
"262","HMDB0000162","map00330"
"263","HMDB0000163","map00500"
"264","HMDB0000164","map00350"
"265","HMDB0000167","map00260"
"266","HMDB0000168","map00250"
"267","HMDB0000168","map00910"
"268","HMDB0000169","map00051"
"269","HMDB0000169","map00052"
"270","HMDB0000172","map00280"
"271","HMDB0000174","map00051"
"272","HMDB0000175","map00250"
"273","HMDB0000175","map00230"
"274","HMDB0000177","map00410"
"275","HMDB0000177","map00340"
"276","HMDB0000177","map00910"
"277","HMDB0000181","map00350"
"278","HMDB0000181","map00350"
"279","HMDB0000182","map00780"
"280","HMDB0000182","map00310"
"281","HMDB0000186","map00052"
"282","HMDB0000187","map00260"
"283","HMDB0000187","map00270"
"284","HMDB0000187","map00910"
"285","HMDB0000187","map00450"
"286","HMDB0000187","map00500"
"287","HMDB0000189","map00230"
"288","HMDB0000190","map00010"
"289","HMDB0000190","map00620"
"290","HMDB0000191","map00330"
"291","HMDB0000191","map00250"
"292","HMDB0000191","map00410"
"293","HMDB0000191","map00250"
"294","HMDB0000191","map00910"
"295","HMDB0000191","map00230"
"296","HMDB0000191","map00350"
"297","HMDB0000191","map00330"
"298","HMDB0000193","map00020"
"299","HMDB0000194","map00410"
"300","HMDB0000194","map00340"
"301","HMDB0000195","map00230"
"302","HMDB0000197","map00380"
"303","HMDB0000201","map01040"
"304","HMDB0000202","map00640"
"305","HMDB0000202","map00280"
"306","HMDB0000205","map00360"
"307","HMDB0000208","map00250"
"308","HMDB0000208","map00330"
"309","HMDB0000208","map00250"
"310","HMDB0000208","map00410"
"311","HMDB0000208","map00020"
"312","HMDB0000208","map00270"
"313","HMDB0000208","map00250"
"314","HMDB0000208","map00260"
"315","HMDB0000208","map00010"
"316","HMDB0000208","map00310"
"317","HMDB0000208","map00910"
"318","HMDB0000208","map00360"
"319","HMDB0000208","map00640"
"320","HMDB0000208","map00380"
"321","HMDB0000208","map00350"
"322","HMDB0000208","map00330"
"323","HMDB0000208","map00280"
"324","HMDB0000209","map00360"
"325","HMDB0000210","map00410"
"326","HMDB0000210","map00770"
"327","HMDB0000211","map00052"
"328","HMDB0000211","map00562"
"329","HMDB0000211","map00562"
"330","HMDB0000211","map00562"
"331","HMDB0000213","map00562"
"332","HMDB0000213","map00562"
"333","HMDB0000214","map00330"
"334","HMDB0000214","map00260"
"335","HMDB0000214","map00330"
"336","HMDB0000215","map00520"
"337","HMDB0000216","map00350"
"338","HMDB0000216","map00350"
"339","HMDB0000217","map00150"
"340","HMDB0000217","map00590"
"341","HMDB0000217","map00330"
"342","HMDB0000217","map00410"
"343","HMDB0000217","map00062"
"344","HMDB0000217","map00051"
"345","HMDB0000217","map00250"
"346","HMDB0000217","map00480"
"347","HMDB0000217","map00561"
"348","HMDB0000217","map00340"
"349","HMDB0000217","map00310"
"350","HMDB0000217","map00760"
"351","HMDB0000217","map00670"
"352","HMDB0000217","map00120"
"353","HMDB0000217","map00790"
"354","HMDB0000217","map00230"
"355","HMDB0000217","map00240"
"356","HMDB0000217","map00620"
"357","HMDB0000217","map00830"
"358","HMDB0000217","map00500"
"359","HMDB0000217","map00100"
"360","HMDB0000217","map00140"
"361","HMDB0000217","map00380"
"362","HMDB0000217","map00350"
"363","HMDB0000217","map00130"
"364","HMDB0000218","map00260"
"365","HMDB0000218","map00240"
"366","HMDB0000220","map00062"
"367","HMDB0000220","map00071"
"368","HMDB0000220","map00561"
"369","HMDB0000220","map00120"
"370","HMDB0000220","map00100"
"371","HMDB0000221","map00150"
"372","HMDB0000221","map00590"
"373","HMDB0000221","map00330"
"374","HMDB0000221","map00410"
"375","HMDB0000221","map00062"
"376","HMDB0000221","map00051"
"377","HMDB0000221","map00250"
"378","HMDB0000221","map00480"
"379","HMDB0000221","map00561"
"380","HMDB0000221","map00340"
"381","HMDB0000221","map00310"
"382","HMDB0000221","map00760"
"383","HMDB0000221","map00670"
"384","HMDB0000221","map00120"
"385","HMDB0000221","map00790"
"386","HMDB0000221","map00230"
"387","HMDB0000221","map00240"
"388","HMDB0000221","map00620"
"389","HMDB0000221","map00830"
"390","HMDB0000221","map00500"
"391","HMDB0000221","map00100"
"392","HMDB0000221","map00140"
"393","HMDB0000221","map00380"
"394","HMDB0000221","map00350"
"395","HMDB0000221","map00130"
"396","HMDB0000222","map00071"
"397","HMDB0000223","map00250"
"398","HMDB0000223","map00330"
"399","HMDB0000223","map00250"
"400","HMDB0000223","map00020"
"401","HMDB0000223","map00250"
"402","HMDB0000223","map00010"
"403","HMDB0000223","map00620"
"404","HMDB0000223","map00350"
"405","HMDB0000223","map00330"
"406","HMDB0000224","map00500"
"407","HMDB0000225","map00310"
"408","HMDB0000226","map00240"
"409","HMDB0000227","map00100"
"410","HMDB0000228","map00920"
"411","HMDB0000229","map00760"
"412","HMDB0000230","map00520"
"413","HMDB0000232","map00760"
"414","HMDB0000232","map00380"
"415","HMDB0000234","map00150"
"416","HMDB0000235","map00730"
"417","HMDB0000237","map00640"
"418","HMDB0000238","map00790"
"419","HMDB0000239","map00750"
"420","HMDB0000240","map00270"
"421","HMDB0000240","map00920"
"422","HMDB0000241","map00860"
"423","HMDB0000243","map00250"
"424","HMDB0000243","map00520"
"425","HMDB0000243","map00020"
"426","HMDB0000243","map00270"
"427","HMDB0000243","map00250"
"428","HMDB0000243","map00260"
"429","HMDB0000243","map00010"
"430","HMDB0000243","map00010"
"431","HMDB0000243","map00910"
"432","HMDB0000243","map00620"
"433","HMDB0000243","map00330"
"434","HMDB0000244","map00740"
"435","HMDB0000245","map00860"
"436","HMDB0000247","map00051"
"437","HMDB0000247","map00052"
"438","HMDB0000248","map00350"
"439","HMDB0000250","map00250"
"440","HMDB0000250","map00520"
"441","HMDB0000250","map00330"
"442","HMDB0000250","map00250"
"443","HMDB0000250","map00780"
"444","HMDB0000250","map00650"
"445","HMDB0000250","map00270"
"446","HMDB0000250","map00071"
"447","HMDB0000250","map00051"
"448","HMDB0000250","map00052"
"449","HMDB0000250","map00250"
"450","HMDB0000250","map00260"
"451","HMDB0000250","map00260"
"452","HMDB0000250","map00340"
"453","HMDB0000250","map00562"
"454","HMDB0000250","map00270"
"455","HMDB0000250","map00760"
"456","HMDB0000250","map00910"
"457","HMDB0000250","map00520"
"458","HMDB0000250","map00770"
"459","HMDB0000250","map00360"
"460","HMDB0000250","map00360"
"461","HMDB0000250","map00120"
"462","HMDB0000250","map00640"
"463","HMDB0000250","map00230"
"464","HMDB0000250","map00240"
"465","HMDB0000250","map00620"
"466","HMDB0000250","map00740"
"467","HMDB0000250","map00450"
"468","HMDB0000250","map00500"
"469","HMDB0000250","map00100"
"470","HMDB0000250","map00920"
"471","HMDB0000250","map00380"
"472","HMDB0000250","map00130"
"473","HMDB0000250","map00330"
"474","HMDB0000251","map00120"
"475","HMDB0000251","map00430"
"476","HMDB0000252","map00500"
"477","HMDB0000253","map00140"
"478","HMDB0000254","map00330"
"479","HMDB0000254","map00650"
"480","HMDB0000254","map00020"
"481","HMDB0000254","map00250"
"482","HMDB0000254","map00072"
"483","HMDB0000254","map00190"
"484","HMDB0000254","map00280"
"485","HMDB0000256","map00100"
"486","HMDB0000258","map00052"
"487","HMDB0000258","map00500"
"488","HMDB0000259","map00380"
"489","HMDB0000262","map00240"
"490","HMDB0000263","map00520"
"491","HMDB0000263","map00010"
"492","HMDB0000263","map00010"
"493","HMDB0000263","map00620"
"494","HMDB0000265","map00350"
"495","HMDB0000267","map00480"
"496","HMDB0000268","map00140"
"497","HMDB0000269","map00500"
"498","HMDB0000271","map00260"
"499","HMDB0000271","map00270"
"500","HMDB0000272","map00260"
"501","HMDB0000273","map00240"
"502","HMDB0000277","map00500"
"503","HMDB0000279","map00310"
"504","HMDB0000280","map00250"
"505","HMDB0000280","map00760"
"506","HMDB0000280","map00230"
"507","HMDB0000280","map00240"
"508","HMDB0000285","map00520"
"509","HMDB0000285","map00052"
"510","HMDB0000285","map00520"
"511","HMDB0000285","map00240"
"512","HMDB0000285","map00500"
"513","HMDB0000286","map00052"
"514","HMDB0000286","map00520"
"515","HMDB0000286","map00500"
"516","HMDB0000286","map00500"
"517","HMDB0000288","map00240"
"518","HMDB0000289","map00230"
"519","HMDB0000290","map00520"
"520","HMDB0000291","map00350"
"521","HMDB0000292","map00230"
"522","HMDB0000294","map00330"
"523","HMDB0000294","map00472"
"524","HMDB0000294","map00330"
"525","HMDB0000295","map00520"
"526","HMDB0000295","map00150"
"527","HMDB0000295","map00052"
"528","HMDB0000295","map00860"
"529","HMDB0000295","map00240"
"530","HMDB0000295","map00500"
"531","HMDB0000295","map00500"
"532","HMDB0000296","map00240"
"533","HMDB0000299","map00230"
"534","HMDB0000300","map00410"
"535","HMDB0000300","map00240"
"536","HMDB0000301","map00340"
"537","HMDB0000301","map00910"
"538","HMDB0000302","map00052"
"539","HMDB0000302","map00520"
"540","HMDB0000303","map00380"
"541","HMDB0000305","map00830"
"542","HMDB0000306","map00350"
"543","HMDB0000318","map00350"
"544","HMDB0000319","map00140"
"545","HMDB0000359","map00120"
"546","HMDB0000363","map00150"
"547","HMDB0000363","map00140"
"548","HMDB0000374","map00150"
"549","HMDB0000374","map00140"
"550","HMDB0000464","map00592"
"551","HMDB0000464","map00150"
"552","HMDB0000464","map00590"
"553","HMDB0000464","map00410"
"554","HMDB0000464","map00340"
"555","HMDB0000464","map00562"
"556","HMDB0000464","map00670"
"557","HMDB0000464","map00770"
"558","HMDB0000464","map00360"
"559","HMDB0000464","map00562"
"560","HMDB0000464","map00564"
"561","HMDB0000464","map00230"
"562","HMDB0000464","map00240"
"563","HMDB0000464","map00740"
"564","HMDB0000464","map00500"
"565","HMDB0000464","map00500"
"566","HMDB0000464","map00350"
"567","HMDB0000464","map00330"
"568","HMDB0000472","map00380"
"569","HMDB0000479","map00410"
"570","HMDB0000479","map00340"
"571","HMDB0000482","map01040"
"572","HMDB0000491","map00280"
"573","HMDB0000492","map00500"
"574","HMDB0000500","map00130"
"575","HMDB0000510","map00310"
"576","HMDB0000511","map01040"
"577","HMDB0000517","map00330"
"578","HMDB0000517","map00250"
"579","HMDB0000517","map00260"
"580","HMDB0000517","map00330"
"581","HMDB0000518","map00120"
"582","HMDB0000535","map01040"
"583","HMDB0000536","map00250"
"584","HMDB0000536","map00230"
"585","HMDB0000538","map00250"
"586","HMDB0000538","map00520"
"587","HMDB0000538","map00330"
"588","HMDB0000538","map00250"
"589","HMDB0000538","map01040"
"590","HMDB0000538","map00780"
"591","HMDB0000538","map00650"
"592","HMDB0000538","map00020"
"593","HMDB0000538","map00270"
"594","HMDB0000538","map00071"
"595","HMDB0000538","map00051"
"596","HMDB0000538","map00052"
"597","HMDB0000538","map00250"
"598","HMDB0000538","map00480"
"599","HMDB0000538","map00561"
"600","HMDB0000538","map00260"
"601","HMDB0000538","map00260"
"602","HMDB0000538","map00010"
"603","HMDB0000538","map00010"
"604","HMDB0000538","map00340"
"605","HMDB0000538","map00562"
"606","HMDB0000538","map00562"
"607","HMDB0000538","map00270"
"608","HMDB0000538","map00760"
"609","HMDB0000538","map00910"
"610","HMDB0000538","map00520"
"611","HMDB0000538","map00670"
"612","HMDB0000538","map00190"
"613","HMDB0000538","map00770"
"614","HMDB0000538","map00360"
"615","HMDB0000538","map00360"
"616","HMDB0000538","map00562"
"617","HMDB0000538","map00120"
"618","HMDB0000538","map00640"
"619","HMDB0000538","map00230"
"620","HMDB0000538","map00240"
"621","HMDB0000538","map00620"
"622","HMDB0000538","map00740"
"623","HMDB0000538","map00450"
"624","HMDB0000538","map00500"
"625","HMDB0000538","map00500"
"626","HMDB0000538","map00100"
"627","HMDB0000538","map00920"
"628","HMDB0000538","map00730"
"629","HMDB0000538","map00380"
"630","HMDB0000538","map00330"
"631","HMDB0000538","map00280"
"632","HMDB0000547","map00520"
"633","HMDB0000547","map00590"
"634","HMDB0000547","map00250"
"635","HMDB0000547","map01040"
"636","HMDB0000547","map00650"
"637","HMDB0000547","map00020"
"638","HMDB0000547","map00071"
"639","HMDB0000547","map00051"
"640","HMDB0000547","map00052"
"641","HMDB0000547","map00250"
"642","HMDB0000547","map00260"
"643","HMDB0000547","map00260"
"644","HMDB0000547","map00010"
"645","HMDB0000547","map00010"
"646","HMDB0000547","map00562"
"647","HMDB0000547","map00562"
"648","HMDB0000547","map00270"
"649","HMDB0000547","map00760"
"650","HMDB0000547","map00910"
"651","HMDB0000547","map00520"
"652","HMDB0000547","map00670"
"653","HMDB0000547","map00360"
"654","HMDB0000547","map00360"
"655","HMDB0000547","map00562"
"656","HMDB0000547","map00564"
"657","HMDB0000547","map00230"
"658","HMDB0000547","map00240"
"659","HMDB0000547","map00620"
"660","HMDB0000547","map00740"
"661","HMDB0000547","map00500"
"662","HMDB0000547","map00500"
"663","HMDB0000547","map00100"
"664","HMDB0000547","map00920"
"665","HMDB0000547","map00350"
"666","HMDB0000547","map00750"
"667","HMDB0000561","map00830"
"668","HMDB0000564","map00564"
"669","HMDB0000570","map00860"
"670","HMDB0000574","map00270"
"671","HMDB0000574","map00250"
"672","HMDB0000574","map00480"
"673","HMDB0000574","map00260"
"674","HMDB0000574","map00270"
"675","HMDB0000574","map00770"
"676","HMDB0000574","map00430"
"677","HMDB0000586","map00260"
"678","HMDB0000586","map00010"
"679","HMDB0000586","map00270"
"680","HMDB0000586","map00230"
"681","HMDB0000586","map00620"
"682","HMDB0000595","map00250"
"683","HMDB0000595","map00020"
"684","HMDB0000595","map00250"
"685","HMDB0000595","map00010"
"686","HMDB0000595","map00640"
"687","HMDB0000595","map00240"
"688","HMDB0000595","map00620"
"689","HMDB0000595","map00330"
"690","HMDB0000595","map00280"
"691","HMDB0000601","map00120"
"692","HMDB0000614","map00564"
"693","HMDB0000619","map00120"
"694","HMDB0000626","map00120"
"695","HMDB0000629","map00920"
"696","HMDB0000631","map00120"
"697","HMDB0000637","map00120"
"698","HMDB0000638","map01040"
"699","HMDB0000641","map00520"
"700","HMDB0000641","map00250"
"701","HMDB0000641","map00250"
"702","HMDB0000641","map00760"
"703","HMDB0000641","map00910"
"704","HMDB0000641","map00360"
"705","HMDB0000641","map00230"
"706","HMDB0000641","map00240"
"707","HMDB0000641","map00330"
"708","HMDB0000643","map00860"
"709","HMDB0000645","map00052"
"710","HMDB0000645","map00520"
"711","HMDB0000652","map00920"
"712","HMDB0000657","map00410"
"713","HMDB0000657","map00340"
"714","HMDB0000657","map00740"
"715","HMDB0000657","map00350"
"716","HMDB0000657","map00350"
"717","HMDB0000660","map00520"
"718","HMDB0000660","map00051"
"719","HMDB0000660","map00052"
"720","HMDB0000660","map00500"
"721","HMDB0000673","map00592"
"722","HMDB0000674","map00561"
"723","HMDB0000674","map00564"
"724","HMDB0000684","map00380"
"725","HMDB0000687","map00280"
"726","HMDB0000691","map00250"
"727","HMDB0000692","map00270"
"728","HMDB0000692","map00562"
"729","HMDB0000692","map00360"
"730","HMDB0000692","map00860"
"731","HMDB0000692","map00240"
"732","HMDB0000692","map00830"
"733","HMDB0000692","map00430"
"734","HMDB0000692","map00380"
"735","HMDB0000692","map00350"
"736","HMDB0000695","map00280"
"737","HMDB0000696","map00260"
"738","HMDB0000696","map00260"
"739","HMDB0000696","map00270"
"740","HMDB0000698","map00120"
"741","HMDB0000699","map00760"
"742","HMDB0000700","map00640"
"743","HMDB0000707","map00360"
"744","HMDB0000707","map00350"
"745","HMDB0000715","map00380"
"746","HMDB0000716","map00310"
"747","HMDB0000719","map00270"
"748","HMDB0000722","map00120"
"749","HMDB0000742","map00260"
"750","HMDB0000742","map00260"
"751","HMDB0000742","map00270"
"752","HMDB0000742","map00350"
"753","HMDB0000757","map00500"
"754","HMDB0000761","map00120"
"755","HMDB0000763","map00380"
"756","HMDB0000797","map00230"
"757","HMDB0000807","map00561"
"758","HMDB0000807","map00260"
"759","HMDB0000807","map00010"
"760","HMDB0000807","map00010"
"761","HMDB0000807","map00500"
"762","HMDB0000812","map00250"
"763","HMDB0000819","map00350"
"764","HMDB0000820","map00920"
"765","HMDB0000828","map00250"
"766","HMDB0000828","map00240"
"767","HMDB0000845","map00790"
"768","HMDB0000854","map00340"
"769","HMDB0000855","map00760"
"770","HMDB0000870","map00340"
"771","HMDB0000876","map00100"
"772","HMDB0000881","map00380"
"773","HMDB0000883","map00640"
"774","HMDB0000883","map00280"
"775","HMDB0000895","map00564"
"776","HMDB0000896","map00120"
"777","HMDB0000898","map00340"
"778","HMDB0000902","map00150"
"779","HMDB0000902","map00330"
"780","HMDB0000902","map00410"
"781","HMDB0000902","map00650"
"782","HMDB0000902","map00232"
"783","HMDB0000902","map00020"
"784","HMDB0000902","map00270"
"785","HMDB0000902","map00062"
"786","HMDB0000902","map00071"
"787","HMDB0000902","map00051"
"788","HMDB0000902","map00052"
"789","HMDB0000902","map00250"
"790","HMDB0000902","map00561"
"791","HMDB0000902","map00260"
"792","HMDB0000902","map00260"
"793","HMDB0000902","map00010"
"794","HMDB0000902","map00010"
"795","HMDB0000902","map00340"
"796","HMDB0000902","map00562"
"797","HMDB0000902","map00562"
"798","HMDB0000902","map00072"
"799","HMDB0000902","map00310"
"800","HMDB0000902","map00270"
"801","HMDB0000902","map00760"
"802","HMDB0000902","map00910"
"803","HMDB0000902","map00520"
"804","HMDB0000902","map00670"
"805","HMDB0000902","map00190"
"806","HMDB0000902","map00564"
"807","HMDB0000902","map00860"
"808","HMDB0000902","map00120"
"809","HMDB0000902","map00640"
"810","HMDB0000902","map00790"
"811","HMDB0000902","map00230"
"812","HMDB0000902","map00620"
"813","HMDB0000902","map00830"
"814","HMDB0000902","map00450"
"815","HMDB0000902","map00500"
"816","HMDB0000902","map00140"
"817","HMDB0000902","map00380"
"818","HMDB0000902","map00350"
"819","HMDB0000902","map00330"
"820","HMDB0000902","map00280"
"821","HMDB0000903","map00140"
"822","HMDB0000904","map00330"
"823","HMDB0000904","map00250"
"824","HMDB0000904","map00330"
"825","HMDB0000905","map00230"
"826","HMDB0000916","map00860"
"827","HMDB0000929","map00380"
"828","HMDB0000935","map00150"
"829","HMDB0000935","map00520"
"830","HMDB0000935","map00860"
"831","HMDB0000935","map00500"
"832","HMDB0000936","map00860"
"833","HMDB0000939","map00330"
"834","HMDB0000939","map00260"
"835","HMDB0000939","map00260"
"836","HMDB0000939","map00340"
"837","HMDB0000939","map00270"
"838","HMDB0000939","map00760"
"839","HMDB0000939","map00380"
"840","HMDB0000939","map00350"
"841","HMDB0000939","map00350"
"842","HMDB0000939","map00130"
"843","HMDB0000949","map00140"
"844","HMDB0000951","map00120"
"845","HMDB0000957","map00350"
"846","HMDB0000960","map00230"
"847","HMDB0000961","map00860"
"848","HMDB0000961","map00100"
"849","HMDB0000962","map00020"
"850","HMDB0000962","map00310"
"851","HMDB0000962","map00620"
"852","HMDB0000962","map00280"
"853","HMDB0000963","map00270"
"854","HMDB0000965","map00430"
"855","HMDB0000968","map00562"
"856","HMDB0000968","map00562"
"857","HMDB0000972","map00270"
"858","HMDB0000972","map00670"
"859","HMDB0000972","map00230"
"860","HMDB0000977","map00130"
"861","HMDB0000978","map00380"
"862","HMDB0000980","map00790"
"863","HMDB0000985","map00620"
"864","HMDB0000985","map00280"
"865","HMDB0000988","map00270"
"866","HMDB0000990","map00620"
"867","HMDB0000996","map00270"
"868","HMDB0000996","map00430"
"869","HMDB0000998","map00240"
"870","HMDB0000999","map00230"
"871","HMDB0001000","map00240"
"872","HMDB0001003","map00920"
"873","HMDB0001008","map00860"
"874","HMDB0001011","map00280"
"875","HMDB0001014","map00340"
"876","HMDB0001016","map00770"
"877","HMDB0001018","map00520"
"878","HMDB0001022","map00650"
"879","HMDB0001022","map00020"
"880","HMDB0001022","map00260"
"881","HMDB0001022","map00072"
"882","HMDB0001022","map00860"
"883","HMDB0001022","map00640"
"884","HMDB0001022","map00280"
"885","HMDB0001023","map00100"
"886","HMDB0001024","map00260"
"887","HMDB0001032","map00150"
"888","HMDB0001041","map00280"
"889","HMDB0001043","map00592"
"890","HMDB0001043","map00590"
"891","HMDB0001044","map00230"
"892","HMDB0001047","map00051"
"893","HMDB0001049","map00270"
"894","HMDB0001049","map00250"
"895","HMDB0001049","map00480"
"896","HMDB0001051","map00051"
"897","HMDB0001051","map00561"
"898","HMDB0001052","map00280"
"899","HMDB0001056","map00670"
"900","HMDB0001056","map00790"
"901","HMDB0001056","map00240"
"902","HMDB0001057","map00280"
"903","HMDB0001058","map00051"
"904","HMDB0001058","map00010"
"905","HMDB0001058","map00010"
"906","HMDB0001059","map00562"
"907","HMDB0001059","map00562"
"908","HMDB0001060","map00190"
"909","HMDB0001062","map00520"
"910","HMDB0001062","map00250"
"911","HMDB0001063","map00130"
"912","HMDB0001066","map00620"
"913","HMDB0001070","map00062"
"914","HMDB0001070","map00071"
"915","HMDB0001072","map00020"
"916","HMDB0001072","map00190"
"917","HMDB0001076","map00051"
"918","HMDB0001078","map00051"
"919","HMDB0001084","map00310"
"920","HMDB0001085","map00590"
"921","HMDB0001086","map00860"
"922","HMDB0001088","map00650"
"923","HMDB0001088","map00062"
"924","HMDB0001088","map00071"
"925","HMDB0001090","map00100"
"926","HMDB0001095","map00051"
"927","HMDB0001096","map00330"
"928","HMDB0001096","map00250"
"929","HMDB0001096","map00250"
"930","HMDB0001096","map00910"
"931","HMDB0001096","map00240"
"932","HMDB0001096","map00330"
"933","HMDB0001097","map00860"
"934","HMDB0001106","map00410"
"935","HMDB0001112","map00051"
"936","HMDB0001112","map00010"
"937","HMDB0001112","map00010"
"938","HMDB0001112","map00190"
"939","HMDB0001113","map00280"
"940","HMDB0001117","map00770"
"941","HMDB0001120","map00100"
"942","HMDB0001121","map00520"
"943","HMDB0001123","map00380"
"944","HMDB0001128","map00250"
"945","HMDB0001128","map00230"
"946","HMDB0001129","map00520"
"947","HMDB0001132","map00760"
"948","HMDB0001134","map00150"
"949","HMDB0001134","map00500"
"950","HMDB0001134","map00920"
"951","HMDB0001137","map00860"
"952","HMDB0001139","map00590"
"953","HMDB0001143","map00562"
"954","HMDB0001143","map00562"
"955","HMDB0001149","map00260"
"956","HMDB0001149","map00860"
"957","HMDB0001157","map00280"
"958","HMDB0001162","map00860"
"959","HMDB0001163","map00051"
"960","HMDB0001166","map00650"
"961","HMDB0001166","map00071"
"962","HMDB0001166","map00310"
"963","HMDB0001167","map00260"
"964","HMDB0001167","map00620"
"965","HMDB0001170","map00100"
"966","HMDB0001173","map00270"
"967","HMDB0001175","map00640"
"968","HMDB0001175","map00620"
"969","HMDB0001176","map00520"
"970","HMDB0001178","map00250"
"971","HMDB0001178","map00760"
"972","HMDB0001178","map00230"
"973","HMDB0001179","map00250"
"974","HMDB0001179","map00760"
"975","HMDB0001185","map00330"
"976","HMDB0001185","map00260"
"977","HMDB0001185","map00260"
"978","HMDB0001185","map00340"
"979","HMDB0001185","map00270"
"980","HMDB0001185","map00760"
"981","HMDB0001185","map00380"
"982","HMDB0001185","map00350"
"983","HMDB0001185","map00350"
"984","HMDB0001185","map00130"
"985","HMDB0001187","map00562"
"986","HMDB0001187","map00562"
"987","HMDB0001188","map00100"
"988","HMDB0001190","map00380"
"989","HMDB0001191","map00240"
"990","HMDB0001195","map00790"
"991","HMDB0001197","map00020"
"992","HMDB0001197","map00564"
"993","HMDB0001198","map00590"
"994","HMDB0001200","map00380"
"995","HMDB0001201","map00250"
"996","HMDB0001201","map00020"
"997","HMDB0001201","map00010"
"998","HMDB0001201","map00230"
"999","HMDB0001201","map00620"
"1000","HMDB0001202","map00240"
"1001","HMDB0001206","map00520"
"1002","HMDB0001206","map00410"
"1003","HMDB0001206","map01040"
"1004","HMDB0001206","map00650"
"1005","HMDB0001206","map00232"
"1006","HMDB0001206","map00020"
"1007","HMDB0001206","map00062"
"1008","HMDB0001206","map00071"
"1009","HMDB0001206","map00250"
"1010","HMDB0001206","map00260"
"1011","HMDB0001206","map00072"
"1012","HMDB0001206","map00310"
"1013","HMDB0001206","map00640"
"1014","HMDB0001206","map00620"
"1015","HMDB0001206","map00830"
"1016","HMDB0001206","map00100"
"1017","HMDB0001206","map00380"
"1018","HMDB0001206","map00280"
"1019","HMDB0001217","map00100"
"1020","HMDB0001220","map00590"
"1021","HMDB0001227","map00240"
"1022","HMDB0001229","map00350"
"1023","HMDB0001231","map00120"
"1024","HMDB0001235","map00230"
"1025","HMDB0001238","map00380"
"1026","HMDB0001243","map00280"
"1027","HMDB0001245","map00240"
"1028","HMDB0001248","map00330"
"1029","HMDB0001248","map00250"
"1030","HMDB0001248","map00410"
"1031","HMDB0001248","map00650"
"1032","HMDB0001248","map00232"
"1033","HMDB0001248","map00020"
"1034","HMDB0001248","map00472"
"1035","HMDB0001248","map00071"
"1036","HMDB0001248","map00250"
"1037","HMDB0001248","map00480"
"1038","HMDB0001248","map00561"
"1039","HMDB0001248","map00260"
"1040","HMDB0001248","map00260"
"1041","HMDB0001248","map00340"
"1042","HMDB0001248","map00310"
"1043","HMDB0001248","map00270"
"1044","HMDB0001248","map00760"
"1045","HMDB0001248","map00910"
"1046","HMDB0001248","map00670"
"1047","HMDB0001248","map00190"
"1048","HMDB0001248","map00360"
"1049","HMDB0001248","map00564"
"1050","HMDB0001248","map00860"
"1051","HMDB0001248","map00120"
"1052","HMDB0001248","map00640"
"1053","HMDB0001248","map00230"
"1054","HMDB0001248","map00240"
"1055","HMDB0001248","map00620"
"1056","HMDB0001248","map00740"
"1057","HMDB0001248","map00100"
"1058","HMDB0001248","map00380"
"1059","HMDB0001248","map00350"
"1060","HMDB0001248","map00280"
"1061","HMDB0001248","map00750"
"1062","HMDB0001251","map00100"
"1063","HMDB0001252","map00260"
"1064","HMDB0001253","map00350"
"1065","HMDB0001254","map00520"
"1066","HMDB0001254","map00250"
"1067","HMDB0001257","map00270"
"1068","HMDB0001259","map00250"
"1069","HMDB0001261","map00860"
"1070","HMDB0001262","map00052"
"1071","HMDB0001263","map00310"
"1072","HMDB0001264","map00350"
"1073","HMDB0001264","map00350"
"1074","HMDB0001265","map00051"
"1075","HMDB0001268","map00360"
"1076","HMDB0001268","map00350"
"1077","HMDB0001269","map00280"
"1078","HMDB0001270","map00010"
"1079","HMDB0001270","map00010"
"1080","HMDB0001270","map00190"
"1081","HMDB0001270","map00500"
"1082","HMDB0001273","map00250"
"1083","HMDB0001273","map00020"
"1084","HMDB0001273","map00051"
"1085","HMDB0001273","map00010"
"1086","HMDB0001273","map00790"
"1087","HMDB0001273","map00230"
"1088","HMDB0001273","map00620"
"1089","HMDB0001274","map00240"
"1090","HMDB0001275","map00120"
"1091","HMDB0001275","map00640"
"1092","HMDB0001275","map00280"
"1093","HMDB0001278","map00100"
"1094","HMDB0001280","map00380"
"1095","HMDB0001285","map00100"
"1096","HMDB0001286","map00100"
"1097","HMDB0001294","map00010"
"1098","HMDB0001294","map00010"
"1099","HMDB0001301","map00330"
"1100","HMDB0001301","map00250"
"1101","HMDB0001302","map00920"
"1102","HMDB0001308","map00230"
"1103","HMDB0001311","map00620"
"1104","HMDB0001313","map00562"
"1105","HMDB0001313","map00562"
"1106","HMDB0001318","map00140"
"1107","HMDB0001319","map00750"
"1108","HMDB0001330","map00380"
"1109","HMDB0001333","map00250"
"1110","HMDB0001333","map00330"
"1111","HMDB0001333","map00020"
"1112","HMDB0001333","map00010"
"1113","HMDB0001333","map00340"
"1114","HMDB0001333","map00562"
"1115","HMDB0001333","map00562"
"1116","HMDB0001333","map00564"
"1117","HMDB0001333","map00640"
"1118","HMDB0001333","map00620"
"1119","HMDB0001333","map00330"
"1120","HMDB0001335","map00590"
"1121","HMDB0001336","map00350"
"1122","HMDB0001337","map00590"
"1123","HMDB0001338","map00062"
"1124","HMDB0001338","map00071"
"1125","HMDB0001338","map00561"
"1126","HMDB0001338","map00564"
"1127","HMDB0001338","map00500"
"1128","HMDB0001339","map00071"
"1129","HMDB0001339","map00310"
"1130","HMDB0001340","map00230"
"1131","HMDB0001341","map00250"
"1132","HMDB0001341","map00520"
"1133","HMDB0001341","map00330"
"1134","HMDB0001341","map01040"
"1135","HMDB0001341","map00020"
"1136","HMDB0001341","map00270"
"1137","HMDB0001341","map00051"
"1138","HMDB0001341","map00052"
"1139","HMDB0001341","map00250"
"1140","HMDB0001341","map00480"
"1141","HMDB0001341","map00561"
"1142","HMDB0001341","map00260"
"1143","HMDB0001341","map00010"
"1144","HMDB0001341","map00010"
"1145","HMDB0001341","map00340"
"1146","HMDB0001341","map00562"
"1147","HMDB0001341","map00562"
"1148","HMDB0001341","map00760"
"1149","HMDB0001341","map00910"
"1150","HMDB0001341","map00520"
"1151","HMDB0001341","map00670"
"1152","HMDB0001341","map00190"
"1153","HMDB0001341","map00770"
"1154","HMDB0001341","map00562"
"1155","HMDB0001341","map00120"
"1156","HMDB0001341","map00640"
"1157","HMDB0001341","map00230"
"1158","HMDB0001341","map00240"
"1159","HMDB0001341","map00620"
"1160","HMDB0001341","map00740"
"1161","HMDB0001341","map00450"
"1162","HMDB0001341","map00500"
"1163","HMDB0001341","map00500"
"1164","HMDB0001341","map00100"
"1165","HMDB0001341","map00920"
"1166","HMDB0001341","map00730"
"1167","HMDB0001341","map00330"
"1168","HMDB0001341","map00280"
"1169","HMDB0001342","map00240"
"1170","HMDB0001343","map00100"
"1171","HMDB0001346","map00051"
"1172","HMDB0001347","map00100"
"1173","HMDB0001348","map00500"
"1174","HMDB0001351","map00230"
"1175","HMDB0001351","map00240"
"1176","HMDB0001352","map00260"
"1177","HMDB0001354","map00670"
"1178","HMDB0001356","map00280"
"1179","HMDB0001358","map00830"
"1180","HMDB0001361","map00860"
"1181","HMDB0001362","map00190"
"1182","HMDB0001362","map00860"
"1183","HMDB0001362","map00640"
"1184","HMDB0001362","map00620"
"1185","HMDB0001362","map00350"
"1186","HMDB0001367","map00520"
"1187","HMDB0001368","map00270"
"1188","HMDB0001369","map00330"
"1189","HMDB0001372","map00020"
"1190","HMDB0001372","map00310"
"1191","HMDB0001372","map00640"
"1192","HMDB0001372","map00620"
"1193","HMDB0001372","map00730"
"1194","HMDB0001372","map00280"
"1195","HMDB0001373","map00770"
"1196","HMDB0001374","map00120"
"1197","HMDB0001375","map00650"
"1198","HMDB0001375","map00072"
"1199","HMDB0001375","map00100"
"1200","HMDB0001375","map00280"
"1201","HMDB0001377","map00150"
"1202","HMDB0001377","map00590"
"1203","HMDB0001377","map00330"
"1204","HMDB0001377","map00250"
"1205","HMDB0001377","map00410"
"1206","HMDB0001377","map00232"
"1207","HMDB0001377","map00270"
"1208","HMDB0001377","map00472"
"1209","HMDB0001377","map00260"
"1210","HMDB0001377","map00340"
"1211","HMDB0001377","map00562"
"1212","HMDB0001377","map00310"
"1213","HMDB0001377","map00270"
"1214","HMDB0001377","map00760"
"1215","HMDB0001377","map00190"
"1216","HMDB0001377","map00360"
"1217","HMDB0001377","map00860"
"1218","HMDB0001377","map00120"
"1219","HMDB0001377","map00230"
"1220","HMDB0001377","map00830"
"1221","HMDB0001377","map00740"
"1222","HMDB0001377","map00100"
"1223","HMDB0001377","map00140"
"1224","HMDB0001377","map00920"
"1225","HMDB0001377","map00430"
"1226","HMDB0001377","map00380"
"1227","HMDB0001377","map00350"
"1228","HMDB0001377","map00350"
"1229","HMDB0001377","map00130"
"1230","HMDB0001377","map00280"
"1231","HMDB0001377","map00750"
"1232","HMDB0001381","map00590"
"1233","HMDB0001383","map00500"
"1234","HMDB0001388","map00592"
"1235","HMDB0001389","map00380"
"1236","HMDB0001396","map00260"
"1237","HMDB0001396","map00270"
"1238","HMDB0001396","map00670"
"1239","HMDB0001397","map00250"
"1240","HMDB0001397","map00230"
"1241","HMDB0001398","map00350"
"1242","HMDB0001401","map00052"
"1243","HMDB0001401","map00010"
"1244","HMDB0001401","map00010"
"1245","HMDB0001401","map00562"
"1246","HMDB0001401","map00562"
"1247","HMDB0001401","map00520"
"1248","HMDB0001401","map00500"
"1249","HMDB0001403","map00590"
"1250","HMDB0001405","map00270"
"1251","HMDB0001406","map00760"
"1252","HMDB0001409","map00240"
"1253","HMDB0001412","map00790"
"1254","HMDB0001413","map00564"
"1255","HMDB0001414","map00270"
"1256","HMDB0001416","map00770"
"1257","HMDB0001419","map00120"
"1258","HMDB0001423","map00520"
"1259","HMDB0001423","map00410"
"1260","HMDB0001423","map01040"
"1261","HMDB0001423","map00650"
"1262","HMDB0001423","map00232"
"1263","HMDB0001423","map00020"
"1264","HMDB0001423","map00062"
"1265","HMDB0001423","map00071"
"1266","HMDB0001423","map00250"
"1267","HMDB0001423","map00561"
"1268","HMDB0001423","map00260"
"1269","HMDB0001423","map00072"
"1270","HMDB0001423","map00310"
"1271","HMDB0001423","map00770"
"1272","HMDB0001423","map00360"
"1273","HMDB0001423","map00120"
"1274","HMDB0001423","map00640"
"1275","HMDB0001423","map00620"
"1276","HMDB0001423","map00830"
"1277","HMDB0001423","map00100"
"1278","HMDB0001423","map00380"
"1279","HMDB0001423","map00280"
"1280","HMDB0001425","map00150"
"1281","HMDB0001425","map00920"
"1282","HMDB0001426","map00232"
"1283","HMDB0001426","map00260"
"1284","HMDB0001429","map00250"
"1285","HMDB0001429","map00520"
"1286","HMDB0001429","map00330"
"1287","HMDB0001429","map00250"
"1288","HMDB0001429","map00020"
"1289","HMDB0001429","map00270"
"1290","HMDB0001429","map00051"
"1291","HMDB0001429","map00052"
"1292","HMDB0001429","map00250"
"1293","HMDB0001429","map00480"
"1294","HMDB0001429","map00561"
"1295","HMDB0001429","map00260"
"1296","HMDB0001429","map00260"
"1297","HMDB0001429","map00010"
"1298","HMDB0001429","map00010"
"1299","HMDB0001429","map00340"
"1300","HMDB0001429","map00562"
"1301","HMDB0001429","map00562"
"1302","HMDB0001429","map00270"
"1303","HMDB0001429","map00760"
"1304","HMDB0001429","map00910"
"1305","HMDB0001429","map00670"
"1306","HMDB0001429","map00190"
"1307","HMDB0001429","map00562"
"1308","HMDB0001429","map00640"
"1309","HMDB0001429","map00230"
"1310","HMDB0001429","map00240"
"1311","HMDB0001429","map00620"
"1312","HMDB0001429","map00740"
"1313","HMDB0001429","map00450"
"1314","HMDB0001429","map00500"
"1315","HMDB0001429","map00500"
"1316","HMDB0001429","map00100"
"1317","HMDB0001429","map00920"
"1318","HMDB0001429","map00730"
"1319","HMDB0001429","map00330"
"1320","HMDB0001429","map00280"
"1321","HMDB0001429","map00750"
"1322","HMDB0001430","map00350"
"1323","HMDB0001431","map00750"
"1324","HMDB0001439","map00230"
"1325","HMDB0001440","map00230"
"1326","HMDB0001448","map00150"
"1327","HMDB0001448","map00500"
"1328","HMDB0001448","map00920"
"1329","HMDB0001451","map00260"
"1330","HMDB0001451","map00910"
"1331","HMDB0001452","map00590"
"1332","HMDB0001453","map00270"
"1333","HMDB0001457","map00120"
"1334","HMDB0001473","map00051"
"1335","HMDB0001473","map00561"
"1336","HMDB0001473","map00010"
"1337","HMDB0001473","map00010"
"1338","HMDB0001473","map00190"
"1339","HMDB0001473","map00564"
"1340","HMDB0001476","map00380"
"1341","HMDB0001480","map00500"
"1342","HMDB0001484","map00650"
"1343","HMDB0001484","map00071"
"1344","HMDB0001484","map00072"
"1345","HMDB0001484","map00310"
"1346","HMDB0001484","map00640"
"1347","HMDB0001484","map00620"
"1348","HMDB0001484","map00100"
"1349","HMDB0001484","map00280"
"1350","HMDB0001487","map00150"
"1351","HMDB0001487","map00330"
"1352","HMDB0001487","map00410"
"1353","HMDB0001487","map00650"
"1354","HMDB0001487","map00232"
"1355","HMDB0001487","map00020"
"1356","HMDB0001487","map00270"
"1357","HMDB0001487","map00062"
"1358","HMDB0001487","map00071"
"1359","HMDB0001487","map00051"
"1360","HMDB0001487","map00052"
"1361","HMDB0001487","map00250"
"1362","HMDB0001487","map00561"
"1363","HMDB0001487","map00260"
"1364","HMDB0001487","map00260"
"1365","HMDB0001487","map00010"
"1366","HMDB0001487","map00010"
"1367","HMDB0001487","map00340"
"1368","HMDB0001487","map00072"
"1369","HMDB0001487","map00310"
"1370","HMDB0001487","map00270"
"1371","HMDB0001487","map00760"
"1372","HMDB0001487","map00910"
"1373","HMDB0001487","map00520"
"1374","HMDB0001487","map00670"
"1375","HMDB0001487","map00190"
"1376","HMDB0001487","map00564"
"1377","HMDB0001487","map00860"
"1378","HMDB0001487","map00120"
"1379","HMDB0001487","map00640"
"1380","HMDB0001487","map00790"
"1381","HMDB0001487","map00230"
"1382","HMDB0001487","map00620"
"1383","HMDB0001487","map00830"
"1384","HMDB0001487","map00500"
"1385","HMDB0001487","map00140"
"1386","HMDB0001487","map00380"
"1387","HMDB0001487","map00350"
"1388","HMDB0001487","map00330"
"1389","HMDB0001487","map00280"
"1390","HMDB0001488","map00760"
"1391","HMDB0001489","map00760"
"1392","HMDB0001489","map00230"
"1393","HMDB0001489","map00240"
"1394","HMDB0001490","map00350"
"1395","HMDB0001491","map00250"
"1396","HMDB0001491","map00330"
"1397","HMDB0001491","map00250"
"1398","HMDB0001491","map00410"
"1399","HMDB0001491","map00270"
"1400","HMDB0001491","map00250"
"1401","HMDB0001491","map00260"
"1402","HMDB0001491","map00340"
"1403","HMDB0001491","map00310"
"1404","HMDB0001491","map00270"
"1405","HMDB0001491","map00910"
"1406","HMDB0001491","map00670"
"1407","HMDB0001491","map00360"
"1408","HMDB0001491","map00860"
"1409","HMDB0001491","map00640"
"1410","HMDB0001491","map00450"
"1411","HMDB0001491","map00500"
"1412","HMDB0001491","map00500"
"1413","HMDB0001491","map00430"
"1414","HMDB0001491","map00380"
"1415","HMDB0001491","map00350"
"1416","HMDB0001491","map00350"
"1417","HMDB0001491","map00330"
"1418","HMDB0001491","map00280"
"1419","HMDB0001491","map00750"
"1420","HMDB0001493","map00280"
"1421","HMDB0001494","map00620"
"1422","HMDB0001496","map00120"
"1423","HMDB0001498","map00562"
"1424","HMDB0001498","map00562"
"1425","HMDB0001498","map00562"
"1426","HMDB0001508","map00230"
"1427","HMDB0001509","map00590"
"1428","HMDB0001511","map00330"
"1429","HMDB0001512","map00730"
"1430","HMDB0001514","map00520"
"1431","HMDB0001517","map00230"
"1432","HMDB0001520","map00330"
"1433","HMDB0001520","map00410"
"1434","HMDB0001520","map00770"
"1435","HMDB0001520","map00240"
"1436","HMDB0001520","map00740"
"1437","HMDB0001520","map00750"
"1438","HMDB0001521","map01040"
"1439","HMDB0001521","map00062"
"1440","HMDB0001521","map00071"
"1441","HMDB0001532","map00230"
"1442","HMDB0001533","map00260"
"1443","HMDB0001533","map00270"
"1444","HMDB0001533","map00910"
"1445","HMDB0001533","map00670"
"1446","HMDB0001533","map00240"
"1447","HMDB0001534","map00340"
"1448","HMDB0001534","map00670"
"1449","HMDB0001545","map00280"
"1450","HMDB0001545","map00750"
"1451","HMDB0001546","map00240"
"1452","HMDB0001547","map00140"
"1453","HMDB0001548","map00230"
"1454","HMDB0001551","map00500"
"1455","HMDB0001553","map00270"
"1456","HMDB0001554","map00250"
"1457","HMDB0001554","map00230"
"1458","HMDB0001555","map00750"
"1459","HMDB0001562","map00670"
"1460","HMDB0001565","map00564"
"1461","HMDB0001565","map00500"
"1462","HMDB0001586","map00052"
"1463","HMDB0001586","map00010"
"1464","HMDB0001586","map00010"
"1465","HMDB0001586","map00520"
"1466","HMDB0001586","map00500"
"1467","HMDB0001659","map00072"
"1468","HMDB0001830","map00140"
"1469","HMDB0001846","map00260"
"1470","HMDB0001846","map00260"
"1471","HMDB0001846","map00340"
"1472","HMDB0001846","map00270"
"1473","HMDB0001846","map00910"
"1474","HMDB0001846","map00670"
"1475","HMDB0001846","map00790"
"1476","HMDB0001846","map00230"
"1477","HMDB0001847","map00232"
"1478","HMDB0001852","map00830"
"1479","HMDB0001860","map00232"
"1480","HMDB0001862","map00830"
"1481","HMDB0001866","map00350"
"1482","HMDB0001881","map00620"
"1483","HMDB0001889","map00232"
"1484","HMDB0001967","map00330"
"1485","HMDB0001967","map00250"
"1486","HMDB0001967","map00410"
"1487","HMDB0001967","map00020"
"1488","HMDB0001967","map00071"
"1489","HMDB0001967","map00250"
"1490","HMDB0001967","map00260"
"1491","HMDB0001967","map00010"
"1492","HMDB0001967","map00340"
"1493","HMDB0001967","map00072"
"1494","HMDB0001967","map00310"
"1495","HMDB0001967","map00270"
"1496","HMDB0001967","map00760"
"1497","HMDB0001967","map00910"
"1498","HMDB0001967","map00520"
"1499","HMDB0001967","map00670"
"1500","HMDB0001967","map00770"
"1501","HMDB0001967","map00360"
"1502","HMDB0001967","map00860"
"1503","HMDB0001967","map00640"
"1504","HMDB0001967","map00230"
"1505","HMDB0001967","map00240"
"1506","HMDB0001967","map00620"
"1507","HMDB0001967","map00500"
"1508","HMDB0001967","map00100"
"1509","HMDB0001967","map00430"
"1510","HMDB0001967","map00380"
"1511","HMDB0001967","map00350"
"1512","HMDB0001967","map00350"
"1513","HMDB0001967","map00330"
"1514","HMDB0001967","map00280"
"1515","HMDB0001976","map00592"
"1516","HMDB0001982","map00232"
"1517","HMDB0001991","map00232"
"1518","HMDB0001993","map00120"
"1519","HMDB0001999","map00592"
"1520","HMDB0002003","map01040"
"1521","HMDB0002005","map00270"
"1522","HMDB0002007","map00592"
"1523","HMDB0002009","map00650"
"1524","HMDB0002009","map00071"
"1525","HMDB0002009","map00310"
"1526","HMDB0002012","map00130"
"1527","HMDB0002022","map00230"
"1528","HMDB0002024","map00340"
"1529","HMDB0002027","map00100"
"1530","HMDB0002031","map00240"
"1531","HMDB0002052","map00360"
"1532","HMDB0002052","map00350"
"1533","HMDB0002054","map00280"
"1534","HMDB0002065","map00790"
"1535","HMDB0002070","map00330"
"1536","HMDB0002084","map00270"
"1537","HMDB0002086","map00640"
"1538","HMDB0002086","map00280"
"1539","HMDB0002091","map00500"
"1540","HMDB0002103","map00120"
"1541","HMDB0002104","map00330"
"1542","HMDB0002111","map00520"
"1543","HMDB0002111","map00150"
"1544","HMDB0002111","map00590"
"1545","HMDB0002111","map00330"
"1546","HMDB0002111","map00250"
"1547","HMDB0002111","map00410"
"1548","HMDB0002111","map00780"
"1549","HMDB0002111","map00650"
"1550","HMDB0002111","map00232"
"1551","HMDB0002111","map00020"
"1552","HMDB0002111","map00270"
"1553","HMDB0002111","map00472"
"1554","HMDB0002111","map00062"
"1555","HMDB0002111","map00071"
"1556","HMDB0002111","map00051"
"1557","HMDB0002111","map00052"
"1558","HMDB0002111","map00250"
"1559","HMDB0002111","map00480"
"1560","HMDB0002111","map00561"
"1561","HMDB0002111","map00260"
"1562","HMDB0002111","map00260"
"1563","HMDB0002111","map00010"
"1564","HMDB0002111","map00010"
"1565","HMDB0002111","map00340"
"1566","HMDB0002111","map00562"
"1567","HMDB0002111","map00562"
"1568","HMDB0002111","map00072"
"1569","HMDB0002111","map00310"
"1570","HMDB0002111","map00270"
"1571","HMDB0002111","map00760"
"1572","HMDB0002111","map00910"
"1573","HMDB0002111","map00520"
"1574","HMDB0002111","map00670"
"1575","HMDB0002111","map00190"
"1576","HMDB0002111","map00770"
"1577","HMDB0002111","map00360"
"1578","HMDB0002111","map00562"
"1579","HMDB0002111","map00860"
"1580","HMDB0002111","map00120"
"1581","HMDB0002111","map00640"
"1582","HMDB0002111","map00790"
"1583","HMDB0002111","map00230"
"1584","HMDB0002111","map00240"
"1585","HMDB0002111","map00620"
"1586","HMDB0002111","map00830"
"1587","HMDB0002111","map00740"
"1588","HMDB0002111","map00450"
"1589","HMDB0002111","map00500"
"1590","HMDB0002111","map00500"
"1591","HMDB0002111","map00100"
"1592","HMDB0002111","map00140"
"1593","HMDB0002111","map00920"
"1594","HMDB0002111","map00730"
"1595","HMDB0002111","map00380"
"1596","HMDB0002111","map00350"
"1597","HMDB0002111","map00350"
"1598","HMDB0002111","map00130"
"1599","HMDB0002111","map00330"
"1600","HMDB0002111","map00280"
"1601","HMDB0002111","map00750"
"1602","HMDB0002123","map00232"
"1603","HMDB0002127","map00270"
"1604","HMDB0002134","map00260"
"1605","HMDB0002152","map00830"
"1606","HMDB0002158","map00860"
"1607","HMDB0002159","map00120"
"1608","HMDB0002166","map00280"
"1609","HMDB0002170","map00640"
"1610","HMDB0002177","map00592"
"1611","HMDB0002183","map00592"
"1612","HMDB0002190","map00590"
"1613","HMDB0002197","map00120"
"1614","HMDB0002211","map00860"
"1615","HMDB0002217","map00640"
"1616","HMDB0002217","map00280"
"1617","HMDB0002226","map00592"
"1618","HMDB0002232","map00590"
"1619","HMDB0002234","map00330"
"1620","HMDB0002255","map00640"
"1621","HMDB0002255","map00280"
"1622","HMDB0002265","map00590"
"1623","HMDB0002272","map00330"
"1624","HMDB0002273","map00330"
"1625","HMDB0002275","map00790"
"1626","HMDB0002281","map00360"
"1627","HMDB0002281","map00380"
"1628","HMDB0002281","map00350"
"1629","HMDB0002305","map00230"
"1630","HMDB0002307","map00640"
"1631","HMDB0002310","map00640"
"1632","HMDB0002310","map00280"
"1633","HMDB0002311","map00590"
"1634","HMDB0002314","map00590"
"1635","HMDB0002343","map00590"
"1636","HMDB0002356","map01040"
"1637","HMDB0002369","map00830"
"1638","HMDB0002434","map00561"
"1639","HMDB0002434","map00740"
"1640","HMDB0002666","map00730"
"1641","HMDB0002710","map00590"
"1642","HMDB0002719","map00100"
"1643","HMDB0002752","map00590"
"1644","HMDB0002757","map00430"
"1645","HMDB0002759","map00150"
"1646","HMDB0002802","map00140"
"1647","HMDB0002820","map00340"
"1648","HMDB0002825","map00232"
"1649","HMDB0002845","map00062"
"1650","HMDB0002845","map00071"
"1651","HMDB0002886","map00590"
"1652","HMDB0002925","map00592"
"1653","HMDB0002961","map00150"
"1654","HMDB0002991","map00770"
"1655","HMDB0002991","map00430"
"1656","HMDB0003052","map00620"
"1657","HMDB0003073","map00592"
"1658","HMDB0003080","map00590"
"1659","HMDB0003099","map00232"
"1660","HMDB0003125","map00590"
"1661","HMDB0003125","map00330"
"1662","HMDB0003125","map00250"
"1663","HMDB0003125","map00410"
"1664","HMDB0003125","map00232"
"1665","HMDB0003125","map00472"
"1666","HMDB0003125","map00480"
"1667","HMDB0003125","map00260"
"1668","HMDB0003125","map00340"
"1669","HMDB0003125","map00310"
"1670","HMDB0003125","map00270"
"1671","HMDB0003125","map00760"
"1672","HMDB0003125","map00360"
"1673","HMDB0003125","map00860"
"1674","HMDB0003125","map00230"
"1675","HMDB0003125","map00740"
"1676","HMDB0003125","map00920"
"1677","HMDB0003125","map00380"
"1678","HMDB0003125","map00350"
"1679","HMDB0003125","map00280"
"1680","HMDB0003125","map00750"
"1681","HMDB0003134","map00780"
"1682","HMDB0003141","map00830"
"1683","HMDB0003178","map00150"
"1684","HMDB0003178","map00590"
"1685","HMDB0003178","map00330"
"1686","HMDB0003178","map00232"
"1687","HMDB0003178","map00190"
"1688","HMDB0003178","map00860"
"1689","HMDB0003178","map00120"
"1690","HMDB0003178","map00230"
"1691","HMDB0003178","map00830"
"1692","HMDB0003178","map00100"
"1693","HMDB0003178","map00140"
"1694","HMDB0003178","map00920"
"1695","HMDB0003178","map00380"
"1696","HMDB0003192","map00230"
"1697","HMDB0003193","map00150"
"1698","HMDB0003213","map00052"
"1699","HMDB0003235","map00590"
"1700","HMDB0003252","map00590"
"1701","HMDB0003259","map00140"
"1702","HMDB0003276","map00270"
"1703","HMDB0003288","map00450"
"1704","HMDB0003325","map00860"
"1705","HMDB0003335","map00230"
"1706","HMDB0003337","map00590"
"1707","HMDB0003337","map00250"
"1708","HMDB0003337","map00480"
"1709","HMDB0003344","map00750"
"1710","HMDB0003345","map00051"
"1711","HMDB0003345","map00052"
"1712","HMDB0003345","map00010"
"1713","HMDB0003345","map00010"
"1714","HMDB0003345","map00520"
"1715","HMDB0003345","map00830"
"1716","HMDB0003345","map00500"
"1717","HMDB0003349","map00240"
"1718","HMDB0003362","map00520"
"1719","HMDB0003362","map00250"
"1720","HMDB0003364","map00561"
"1721","HMDB0003364","map00240"
"1722","HMDB0003364","map00740"
"1723","HMDB0003374","map00472"
"1724","HMDB0003378","map00330"
"1725","HMDB0003379","map00790"
"1726","HMDB0003391","map00010"
"1727","HMDB0003391","map00010"
"1728","HMDB0003403","map00500"
"1729","HMDB0003405","map00780"
"1730","HMDB0003405","map00310"
"1731","HMDB0003406","map00260"
"1732","HMDB0003411","map00330"
"1733","HMDB0003416","map00472"
"1734","HMDB0003426","map00770"
"1735","HMDB0003426","map00640"
"1736","HMDB0003470","map00670"
"1737","HMDB0003474","map00350"
"1738","HMDB0003498","map00010"
"1739","HMDB0003498","map00010"
"1740","HMDB0003502","map00562"
"1741","HMDB0003502","map00562"
"1742","HMDB0003514","map00500"
"1743","HMDB0003529","map00562"
"1744","HMDB0003529","map00562"
"1745","HMDB0003533","map00120"
"1746","HMDB0003540","map00120"
"1747","HMDB0003540","map00240"
"1748","HMDB0003540","map00380"
"1749","HMDB0003553","map00052"
"1750","HMDB0003556","map00520"
"1751","HMDB0003571","map01040"
"1752","HMDB0003571","map00062"
"1753","HMDB0003571","map00071"
"1754","HMDB0003598","map00830"
"1755","HMDB0003648","map00830"
"1756","HMDB0003701","map00740"
"1757","HMDB0003712","map00062"
"1758","HMDB0003759","map00140"
"1759","HMDB0003791","map00350"
"1760","HMDB0003826","map00740"
"1761","HMDB0003840","map00450"
"1762","HMDB0003848","map00562"
"1763","HMDB0003848","map00562"
"1764","HMDB0003876","map00590"
"1765","HMDB0003896","map00100"
"1766","HMDB0003904","map00620"
"1767","HMDB0003905","map00340"
"1768","HMDB0003911","map00240"
"1769","HMDB0003932","map00062"
"1770","HMDB0003932","map00071"
"1771","HMDB0003934","map00062"
"1772","HMDB0003934","map00071"
"1773","HMDB0003935","map00062"
"1774","HMDB0003935","map00071"
"1775","HMDB0003936","map00062"
"1776","HMDB0003936","map00071"
"1777","HMDB0003937","map00062"
"1778","HMDB0003937","map00071"
"1779","HMDB0003938","map00062"
"1780","HMDB0003938","map00071"
"1781","HMDB0003939","map00062"
"1782","HMDB0003939","map00071"
"1783","HMDB0003940","map00062"
"1784","HMDB0003940","map00071"
"1785","HMDB0003941","map00062"
"1786","HMDB0003941","map00071"
"1787","HMDB0003942","map00062"
"1788","HMDB0003942","map00071"
"1789","HMDB0003943","map00062"
"1790","HMDB0003943","map00071"
"1791","HMDB0003944","map00062"
"1792","HMDB0003944","map00071"
"1793","HMDB0003945","map00062"
"1794","HMDB0003945","map00071"
"1795","HMDB0003946","map00062"
"1796","HMDB0003946","map00071"
"1797","HMDB0003948","map00062"
"1798","HMDB0003948","map00071"
"1799","HMDB0003949","map00062"
"1800","HMDB0003949","map00071"
"1801","HMDB0003955","map00150"
"1802","HMDB0003959","map00150"
"1803","HMDB0003966","map00450"
"1804","HMDB0003971","map00500"
"1805","HMDB0004026","map00140"
"1806","HMDB0004029","map00140"
"1807","HMDB0004030","map00140"
"1808","HMDB0004031","map00140"
"1809","HMDB0004035","map00140"
"1810","HMDB0004058","map00350"
"1811","HMDB0004061","map00350"
"1812","HMDB0004063","map00350"
"1813","HMDB0004067","map00350"
"1814","HMDB0004068","map00350"
"1815","HMDB0004073","map00380"
"1816","HMDB0004076","map00380"
"1817","HMDB0004077","map00380"
"1818","HMDB0004078","map00380"
"1819","HMDB0004081","map00380"
"1820","HMDB0004083","map00380"
"1821","HMDB0004086","map00380"
"1822","HMDB0004089","map00380"
"1823","HMDB0004096","map00380"
"1824","HMDB0004112","map00450"
"1825","HMDB0004113","map00450"
"1826","HMDB0004119","map00450"
"1827","HMDB0004122","map00450"
"1828","HMDB0004158","map00860"
"1829","HMDB0004162","map00052"
"1830","HMDB0004181","map00340"
"1831","HMDB0004193","map00760"
"1832","HMDB0004194","map00760"
"1833","HMDB0004195","map00430"
"1834","HMDB0004220","map00780"
"1835","HMDB0004224","map00330"
"1836","HMDB0004225","map00472"
"1837","HMDB0004231","map00770"
"1838","HMDB0004234","map00590"
"1839","HMDB0004236","map00590"
"1840","HMDB0004238","map00590"
"1841","HMDB0004241","map00590"
"1842","HMDB0004242","map00590"
"1843","HMDB0004243","map00590"
"1844","HMDB0004244","map00590"
"1845","HMDB0004249","map00562"
"1846","HMDB0004256","map00740"
"1847","HMDB0004259","map00380"
"1848","HMDB0004264","map00590"
"1849","HMDB0004270","map00520"
"1850","HMDB0004369","map00380"
"1851","HMDB0004370","map00380"
"1852","HMDB0004400","map00232"
"1853","HMDB0004527","map00562"
"1854","HMDB0004527","map00562"
"1855","HMDB0004659","map00590"
"1856","HMDB0004673","map00590"
"1857","HMDB0004679","map00590"
"1858","HMDB0004680","map00590"
"1859","HMDB0004684","map00590"
"1860","HMDB0004692","map00590"
"1861","HMDB0004693","map00590"
"1862","HMDB0004694","map00590"
"1863","HMDB0004699","map00590"
"1864","HMDB0004836","map00500"
"1865","HMDB0004866","map00500"
"1866","HMDB0004950","map00500"
"1867","HMDB0005050","map00590"
"1868","HMDB0005079","map00590"
"1869","HMDB0005175","map00350"
"1870","HMDB0005356","map00561"
"1871","HMDB0005826","map00052"
"1872","HMDB0005998","map00590"
"1873","HMDB0006059","map00590"
"1874","HMDB0006216","map00830"
"1875","HMDB0006217","map00830"
"1876","HMDB0006218","map00830"
"1877","HMDB0006224","map00150"
"1878","HMDB0006229","map00562"
"1879","HMDB0006230","map00562"
"1880","HMDB0006230","map00562"
"1881","HMDB0006234","map00562"
"1882","HMDB0006235","map00562"
"1883","HMDB0006235","map00562"
"1884","HMDB0006242","map00350"
"1885","HMDB0006246","map00592"
"1886","HMDB0006247","map00120"
"1887","HMDB0006248","map00480"
"1888","HMDB0006254","map00830"
"1889","HMDB0006268","map00520"
"1890","HMDB0006271","map00100"
"1891","HMDB0006272","map00472"
"1892","HMDB0006272","map00062"
"1893","HMDB0006273","map00230"
"1894","HMDB0006280","map00120"
"1895","HMDB0006281","map00120"
"1896","HMDB0006283","map00140"
"1897","HMDB0006285","map00830"
"1898","HMDB0006292","map00120"
"1899","HMDB0006322","map00592"
"1900","HMDB0006323","map00592"
"1901","HMDB0006330","map00051"
"1902","HMDB0006343","map00450"
"1903","HMDB0006344","map00360"
"1904","HMDB0006402","map00062"
"1905","HMDB0006402","map00071"
"1906","HMDB0006404","map00062"
"1907","HMDB0006404","map00071"
"1908","HMDB0006454","map00260"
"1909","HMDB0006458","map00620"
"1910","HMDB0006459","map01040"
"1911","HMDB0006483","map00250"
"1912","HMDB0006503","map00360"
"1913","HMDB0006526","map01040"
"1914","HMDB0006528","map00592"
"1915","HMDB0006547","map00592"
"1916","HMDB0006556","map00330"
"1917","HMDB0006737","map00120"
"1918","HMDB0006752","map00500"
"1919","HMDB0006753","map00140"
"1920","HMDB0006754","map00140"
"1921","HMDB0006755","map00140"
"1922","HMDB0006756","map00140"
"1923","HMDB0006757","map00140"
"1924","HMDB0006758","map00140"
"1925","HMDB0006759","map00140"
"1926","HMDB0006760","map00140"
"1927","HMDB0006762","map00140"
"1928","HMDB0006763","map00140"
"1929","HMDB0006764","map00140"
"1930","HMDB0006768","map00150"
"1931","HMDB0006769","map00150"
"1932","HMDB0006770","map00150"
"1933","HMDB0006779","map00350"
"1934","HMDB0006790","map00052"
"1935","HMDB0006790","map00500"
"1936","HMDB0006791","map00052"
"1937","HMDB0006792","map00052"
"1938","HMDB0006800","map00051"
"1939","HMDB0006806","map00640"
"1940","HMDB0006807","map00640"
"1941","HMDB0006809","map00760"
"1942","HMDB0006814","map00562"
"1943","HMDB0006814","map00562"
"1944","HMDB0006816","map00130"
"1945","HMDB0006817","map00130"
"1946","HMDB0006818","map00130"
"1947","HMDB0006819","map00130"
"1948","HMDB0006820","map00130"
"1949","HMDB0006821","map00790"
"1950","HMDB0006822","map00790"
"1951","HMDB0006823","map00790"
"1952","HMDB0006824","map00790"
"1953","HMDB0006825","map00670"
"1954","HMDB0006825","map00790"
"1955","HMDB0006826","map00670"
"1956","HMDB0006826","map00790"
"1957","HMDB0006832","map00310"
"1958","HMDB0006834","map00770"
"1959","HMDB0006838","map00100"
"1960","HMDB0006839","map00100"
"1961","HMDB0006840","map00100"
"1962","HMDB0006841","map00100"
"1963","HMDB0006842","map00100"
"1964","HMDB0006857","map00500"
"1965","HMDB0006865","map00280"
"1966","HMDB0006866","map00280"
"1967","HMDB0006867","map00280"
"1968","HMDB0006868","map00280"
"1969","HMDB0006869","map00280"
"1970","HMDB0006870","map00280"
"1971","HMDB0006875","map00330"
"1972","HMDB0006875","map00472"
"1973","HMDB0006878","map00620"
"1974","HMDB0006880","map00620"
"1975","HMDB0006887","map00120"
"1976","HMDB0006888","map00120"
"1977","HMDB0006889","map00120"
"1978","HMDB0006890","map00120"
"1979","HMDB0006891","map00120"
"1980","HMDB0006892","map00120"
"1981","HMDB0006893","map00120"
"1982","HMDB0006894","map00120"
"1983","HMDB0006895","map00120"
"1984","HMDB0006901","map00860"
"1985","HMDB0006915","map00350"
"1986","HMDB0006927","map00100"
"1987","HMDB0006954","map00750"
"1988","HMDB0006955","map00750"
"1989","HMDB0006968","map00564"
"1990","HMDB0006971","map00562"
"1991","HMDB0007098","map00561"
"1992","HMDB0007098","map00564"
"1993","HMDB0007102","map00562"
"1994","HMDB0007144","map00830"
"1995","HMDB0007853","map00561"
"1996","HMDB0007853","map00564"
"1997","HMDB0007883","map00590"
"1998","HMDB0007940","map00500"
"1999","HMDB0008204","map00592"
"2000","HMDB0008790","map00830"
"2001","HMDB0008923","map00564"
"2002","HMDB0009778","map00564"
"2003","HMDB0009783","map00562"
"2004","HMDB0009925","map00562"
"2005","HMDB0009970","map00562"
"2006","HMDB0010037","map00562"
"2007","HMDB0010150","map00562"
"2008","HMDB0010217","map00590"
"2009","HMDB0010368","map00100"
"2010","HMDB0010379","map00590"
"2011","HMDB0010382","map00564"
"2012","HMDB0010570","map00564"
"2013","HMDB0010699","map00500"
"2014","HMDB0010708","map00500"
"2015","HMDB0010716","map00450"
"2016","HMDB0010738","map00232"
"2017","HMDB0011103","map00232"
"2018","HMDB0011104","map00450"
"2019","HMDB0011105","map00232"
"2020","HMDB0011107","map00232"
"2021","HMDB0011110","map00450"
"2022","HMDB0011111","map00250"
"2023","HMDB0011111","map00410"
"2024","HMDB0011111","map00640"
"2025","HMDB0011117","map00450"
"2026","HMDB0011118","map00450"
"2027","HMDB0011119","map00450"
"2028","HMDB0011134","map00590"
"2029","HMDB0011135","map00590"
"2030","HMDB0011136","map00590"
"2031","HMDB0011137","map00590"
"2032","HMDB0011503","map00564"
"2033","HMDB0011533","map00561"
"2034","HMDB0011618","map00830"
"2035","HMDB0011629","map00230"
"2036","HMDB0011631","map00380"
"2037","HMDB0011639","map00410"
"2038","HMDB0011639","map00340"
"2039","HMDB0011639","map00350"
"2040","HMDB0011644","map00120"
"2041","HMDB0012130","map00310"
"2042","HMDB0012188","map00130"
"2043","HMDB0012210","map00260"
"2044","HMDB0012210","map00910"
"2045","HMDB0012285","map00760"
"2046","HMDB0012329","map00830"
"2047","HMDB0012451","map00830"
"2048","HMDB0012452","map00830"
"2049","HMDB0012453","map00120"
"2050","HMDB0012454","map00120"
"2051","HMDB0012455","map00120"
"2052","HMDB0012456","map00120"
"2053","HMDB0012457","map00120"
"2054","HMDB0012458","map00120"
"2055","HMDB0012459","map00120"
"2056","HMDB0012819","map00380"
"2057","HMDB0012948","map00380"
"2058","HMDB0013472","map00564"
"2059","HMDB0013617","map00280"
"2060","HMDB0013633","map00590"
"2061","HMDB0013636","map00350"
"2062","HMDB0013636","map00350"
"2063","HMDB0013639","map00260"
"2064","HMDB0013639","map00910"
"2065","HMDB0013642","map00790"
"2066","HMDB0013960","map00500"
"2067","HMDB0014312","map00260"
"2068","HMDB0014312","map00910"
"2069","HMDB0015531","map00590"
"2070","HMDB0015531","map00052"
"2071","HMDB0015531","map00520"
"2072","HMDB0015531","map00360"
"2073","HMDB0015531","map00860"
"2074","HMDB0015531","map00120"
"2075","HMDB0015531","map00230"
"2076","HMDB0015531","map00100"
"2077","HMDB0015531","map00430"
"2078","HMDB0015531","map00350"
"2079","HMDB0015531","map00130"
"2080","HMDB0015532","map00250"
"2081","HMDB0015532","map00590"
"2082","HMDB0015532","map00250"
"2083","HMDB0015532","map00410"
"2084","HMDB0015532","map00270"
"2085","HMDB0015532","map00051"
"2086","HMDB0015532","map00052"
"2087","HMDB0015532","map00250"
"2088","HMDB0015532","map00480"
"2089","HMDB0015532","map00260"
"2090","HMDB0015532","map00260"
"2091","HMDB0015532","map00340"
"2092","HMDB0015532","map00270"
"2093","HMDB0015532","map00520"
"2094","HMDB0015532","map00860"
"2095","HMDB0015532","map00790"
"2096","HMDB0015532","map00230"
"2097","HMDB0015532","map00240"
"2098","HMDB0015532","map00620"
"2099","HMDB0015532","map00830"
"2100","HMDB0015532","map00740"
"2101","HMDB0015532","map00500"
"2102","HMDB0015532","map00350"
"2103","HMDB0015532","map00750"
"2104","HMDB0031524","map00480"
"2105","HMDB0031712","map00562"
"2106","HMDB0032197","map00052"
"2107","HMDB0032197","map00500"
"2108","HMDB0036062","map00130"
"2109","HMDB0048523","map00830"
"2110","HMDB0056387","map00564"
"2111","HMDB0059597","map00150"
"2112","HMDB0059597","map00330"
"2113","HMDB0059597","map00410"
"2114","HMDB0059597","map00020"
"2115","HMDB0059597","map00062"
"2116","HMDB0059597","map00071"
"2117","HMDB0059597","map00250"
"2118","HMDB0059597","map00010"
"2119","HMDB0059597","map00340"
"2120","HMDB0059597","map00760"
"2121","HMDB0059597","map00670"
"2122","HMDB0059597","map00190"
"2123","HMDB0059597","map00640"
"2124","HMDB0059597","map00620"
"2125","HMDB0059597","map00140"
"2126","HMDB0059597","map00350"
"2127","HMDB0059597","map00130"
"2128","HMDB0059597","map00280"
"2129","HMDB0059661","map00020"
"2130","HMDB0060015","map00920"
"2131","HMDB0060095","map00590"
