id,food_id,ncbi_taxonomy_id,"classification_name",classification_order,"created_at","updated_at"
1,1,357850,"\"Eukaryota\"",1,"2017-03-29 18:35:53","2017-03-29 18:35:53"
2,1,357850,"\"Viridiplantae\"",2,"2017-03-29 18:35:53","2017-03-29 18:35:53"
3,1,357850,"\"Streptophyta\"",3,"2017-03-29 18:35:53","2017-03-29 18:35:53"
4,1,357850,"\"Embryophyta\"",4,"2017-03-29 18:35:53","2017-03-29 18:35:53"
5,1,357850,"\"Tracheophyta\"",5,"2017-03-29 18:35:53","2017-03-29 18:35:53"
6,1,357850,"\"Spermatophyta\"",6,"2017-03-29 18:35:53","2017-03-29 18:35:53"
7,1,357850,"\"Magnoliophyta\"",7,"2017-03-29 18:35:53","2017-03-29 18:35:53"
8,1,357850,"\"eudicotyledons\"",8,"2017-03-29 18:35:53","2017-03-29 18:35:53"
9,1,357850,"\"Gunneridae\"",9,"2017-03-29 18:35:53","2017-03-29 18:35:53"
10,1,357850,"\"Pentapetalae\"",10,"2017-03-29 18:35:53","2017-03-29 18:35:53"
11,1,357850,"\"asterids\"",11,"2017-03-29 18:35:53","2017-03-29 18:35:53"
12,1,357850,"\"campanulids\"",12,"2017-03-29 18:35:53","2017-03-29 18:35:53"
13,1,357850,"\"Apiales\"",13,"2017-03-29 18:35:53","2017-03-29 18:35:53"
14,1,357850,"\"Apiaceae\"",14,"2017-03-29 18:35:53","2017-03-29 18:35:53"
15,1,357850,"\"Apioideae\"",15,"2017-03-29 18:35:53","2017-03-29 18:35:53"
16,1,357850,"\"apioid superclade\"",16,"2017-03-29 18:35:53","2017-03-29 18:35:53"
17,1,357850,"\"Selineae\"",17,"2017-03-29 18:35:53","2017-03-29 18:35:53"
18,1,357850,"\"Angelica\"",18,"2017-03-29 18:35:53","2017-03-29 18:35:53"
19,19,72341,"\"Eukaryota\"",1,"2017-03-29 18:35:53","2017-03-29 18:35:53"
20,19,72341,"\"Viridiplantae\"",2,"2017-03-29 18:35:53","2017-03-29 18:35:53"
21,19,72341,"\"Streptophyta\"",3,"2017-03-29 18:35:53","2017-03-29 18:35:53"
22,19,72341,"\"Embryophyta\"",4,"2017-03-29 18:35:53","2017-03-29 18:35:53"
23,19,72341,"\"Tracheophyta\"",5,"2017-03-29 18:35:53","2017-03-29 18:35:53"
24,19,72341,"\"Spermatophyta\"",6,"2017-03-29 18:35:53","2017-03-29 18:35:53"
25,19,72341,"\"Magnoliophyta\"",7,"2017-03-29 18:35:54","2017-03-29 18:35:54"
26,19,72341,"\"eudicotyledons\"",8,"2017-03-29 18:35:54","2017-03-29 18:35:54"
27,19,72341,"\"Gunneridae\"",9,"2017-03-29 18:35:54","2017-03-29 18:35:54"
28,19,72341,"\"Pentapetalae\"",10,"2017-03-29 18:35:54","2017-03-29 18:35:54"
29,19,72341,"\"asterids\"",11,"2017-03-29 18:35:54","2017-03-29 18:35:54"
30,19,72341,"\"campanulids\"",12,"2017-03-29 18:35:54","2017-03-29 18:35:54"
31,19,72341,"\"Asterales\"",13,"2017-03-29 18:35:54","2017-03-29 18:35:54"
32,19,72341,"\"Asteraceae\"",14,"2017-03-29 18:35:54","2017-03-29 18:35:54"
33,19,72341,"\"Asteroideae\"",15,"2017-03-29 18:35:54","2017-03-29 18:35:54"
34,19,72341,"\"Anthemideae\"",16,"2017-03-29 18:35:54","2017-03-29 18:35:54"
35,19,72341,"\"Artemisiinae\"",17,"2017-03-29 18:35:54","2017-03-29 18:35:54"
36,19,72341,"\"Artemisia\"",18,"2017-03-29 18:35:54","2017-03-29 18:35:54"
37,37,3821,"\"Eukaryota\"",1,"2017-03-29 18:35:54","2017-03-29 18:35:54"
38,37,3821,"\"Viridiplantae\"",2,"2017-03-29 18:35:54","2017-03-29 18:35:54"
39,37,3821,"\"Streptophyta\"",3,"2017-03-29 18:35:54","2017-03-29 18:35:54"
40,37,3821,"\"Embryophyta\"",4,"2017-03-29 18:35:54","2017-03-29 18:35:54"
41,37,3821,"\"Tracheophyta\"",5,"2017-03-29 18:35:54","2017-03-29 18:35:54"
42,37,3821,"\"Spermatophyta\"",6,"2017-03-29 18:35:54","2017-03-29 18:35:54"
43,37,3821,"\"Magnoliophyta\"",7,"2017-03-29 18:35:54","2017-03-29 18:35:54"
44,37,3821,"\"eudicotyledons\"",8,"2017-03-29 18:35:54","2017-03-29 18:35:54"
45,37,3821,"\"Gunneridae\"",9,"2017-03-29 18:35:54","2017-03-29 18:35:54"
46,37,3821,"\"Pentapetalae\"",10,"2017-03-29 18:35:54","2017-03-29 18:35:54"
47,37,3821,"\"rosids\"",11,"2017-03-29 18:35:54","2017-03-29 18:35:54"
48,37,3821,"\"fabids\"",12,"2017-03-29 18:35:54","2017-03-29 18:35:54"
49,37,3821,"\"Fabales\"",13,"2017-03-29 18:35:54","2017-03-29 18:35:54"
50,37,3821,"\"Fabaceae\"",14,"2017-03-29 18:35:54","2017-03-29 18:35:54"
51,37,3821,"\"Papilionoideae\"",15,"2017-03-29 18:35:54","2017-03-29 18:35:54"
52,37,3821,"\"Phaseoleae\"",16,"2017-03-29 18:35:54","2017-03-29 18:35:54"
53,37,3821,"\"Cajanus\"",17,"2017-03-29 18:35:54","2017-03-29 18:35:54"
54,54,2708,"\"Eukaryota\"",1,"2017-03-29 18:35:54","2017-03-29 18:35:54"
55,54,2708,"\"Viridiplantae\"",2,"2017-03-29 18:35:54","2017-03-29 18:35:54"
56,54,2708,"\"Streptophyta\"",3,"2017-03-29 18:35:54","2017-03-29 18:35:54"
57,54,2708,"\"Embryophyta\"",4,"2017-03-29 18:35:54","2017-03-29 18:35:54"
58,54,2708,"\"Tracheophyta\"",5,"2017-03-29 18:35:54","2017-03-29 18:35:54"
59,54,2708,"\"Spermatophyta\"",6,"2017-03-29 18:35:54","2017-03-29 18:35:54"
60,54,2708,"\"Magnoliophyta\"",7,"2017-03-29 18:35:54","2017-03-29 18:35:54"
61,54,2708,"\"eudicotyledons\"",8,"2017-03-29 18:35:54","2017-03-29 18:35:54"
62,54,2708,"\"Gunneridae\"",9,"2017-03-29 18:35:54","2017-03-29 18:35:54"
63,54,2708,"\"Pentapetalae\"",10,"2017-03-29 18:35:54","2017-03-29 18:35:54"
64,54,2708,"\"rosids\"",11,"2017-03-29 18:35:54","2017-03-29 18:35:54"
65,54,2708,"\"malvids\"",12,"2017-03-29 18:35:54","2017-03-29 18:35:54"
66,54,2708,"\"Sapindales\"",13,"2017-03-29 18:35:54","2017-03-29 18:35:54"
67,54,2708,"\"Rutaceae\"",14,"2017-03-29 18:35:54","2017-03-29 18:35:54"
68,54,2708,"\"Aurantioideae\"",15,"2017-03-29 18:35:54","2017-03-29 18:35:54"
69,54,2708,"\"Citrus\"",16,"2017-03-29 18:35:54","2017-03-29 18:35:54"
70,70,66014,"\"Eukaryota\"",1,"2017-03-29 18:35:54","2017-03-29 18:35:54"
71,70,66014,"\"Viridiplantae\"",2,"2017-03-29 18:35:54","2017-03-29 18:35:54"
72,70,66014,"\"Streptophyta\"",3,"2017-03-29 18:35:54","2017-03-29 18:35:54"
73,70,66014,"\"Embryophyta\"",4,"2017-03-29 18:35:54","2017-03-29 18:35:54"
74,70,66014,"\"Tracheophyta\"",5,"2017-03-29 18:35:54","2017-03-29 18:35:54"
75,70,66014,"\"Spermatophyta\"",6,"2017-03-29 18:35:54","2017-03-29 18:35:54"
76,70,66014,"\"Magnoliophyta\"",7,"2017-03-29 18:35:54","2017-03-29 18:35:54"
77,70,66014,"\"Liliopsida\"",8,"2017-03-29 18:35:54","2017-03-29 18:35:54"
78,70,66014,"\"Poales\"",9,"2017-03-29 18:35:54","2017-03-29 18:35:54"
79,70,66014,"\"Poaceae\"",10,"2017-03-29 18:35:54","2017-03-29 18:35:54"
80,70,66014,"\"PACMAD clade\"",11,"2017-03-29 18:35:54","2017-03-29 18:35:54"
81,70,66014,"\"Panicoideae\"",12,"2017-03-29 18:35:54","2017-03-29 18:35:54"
82,70,66014,"\"Andropogonodae\"",13,"2017-03-29 18:35:54","2017-03-29 18:35:54"
83,70,66014,"\"Andropogoneae\"",14,"2017-03-29 18:35:54","2017-03-29 18:35:54"
84,70,66014,"\"Anthistiriinae\"",15,"2017-03-29 18:35:54","2017-03-29 18:35:54"
85,70,66014,"\"Cymbopogon\"",16,"2017-03-29 18:35:54","2017-03-29 18:35:54"
86,86,4232,"\"Eukaryota\"",1,"2017-03-29 18:35:55","2017-03-29 18:35:55"
87,86,4232,"\"Viridiplantae\"",2,"2017-03-29 18:35:55","2017-03-29 18:35:55"
88,86,4232,"\"Streptophyta\"",3,"2017-03-29 18:35:55","2017-03-29 18:35:55"
89,86,4232,"\"Embryophyta\"",4,"2017-03-29 18:35:55","2017-03-29 18:35:55"
90,86,4232,"\"Tracheophyta\"",5,"2017-03-29 18:35:55","2017-03-29 18:35:55"
91,86,4232,"\"Spermatophyta\"",6,"2017-03-29 18:35:55","2017-03-29 18:35:55"
92,86,4232,"\"Magnoliophyta\"",7,"2017-03-29 18:35:55","2017-03-29 18:35:55"
93,86,4232,"\"eudicotyledons\"",8,"2017-03-29 18:35:55","2017-03-29 18:35:55"
94,86,4232,"\"Gunneridae\"",9,"2017-03-29 18:35:55","2017-03-29 18:35:55"
95,86,4232,"\"Pentapetalae\"",10,"2017-03-29 18:35:55","2017-03-29 18:35:55"
96,86,4232,"\"asterids\"",11,"2017-03-29 18:35:55","2017-03-29 18:35:55"
97,86,4232,"\"campanulids\"",12,"2017-03-29 18:35:55","2017-03-29 18:35:55"
98,86,4232,"\"Asterales\"",13,"2017-03-29 18:35:55","2017-03-29 18:35:55"
99,86,4232,"\"Asteraceae\"",14,"2017-03-29 18:35:55","2017-03-29 18:35:55"
100,86,4232,"\"Asteroideae\"",15,"2017-03-29 18:35:55","2017-03-29 18:35:55"
101,86,4232,"\"Heliantheae alliance\"",16,"2017-03-29 18:35:55","2017-03-29 18:35:55"
102,86,4232,"\"Heliantheae\"",17,"2017-03-29 18:35:55","2017-03-29 18:35:55"
103,86,4232,"\"Helianthus\"",18,"2017-03-29 18:35:55","2017-03-29 18:35:55"
104,104,3869,"\"Eukaryota\"",1,"2017-03-29 18:35:55","2017-03-29 18:35:55"
105,104,3869,"\"Viridiplantae\"",2,"2017-03-29 18:35:55","2017-03-29 18:35:55"
106,104,3869,"\"Streptophyta\"",3,"2017-03-29 18:35:55","2017-03-29 18:35:55"
107,104,3869,"\"Embryophyta\"",4,"2017-03-29 18:35:55","2017-03-29 18:35:55"
108,104,3869,"\"Tracheophyta\"",5,"2017-03-29 18:35:55","2017-03-29 18:35:55"
109,104,3869,"\"Spermatophyta\"",6,"2017-03-29 18:35:55","2017-03-29 18:35:55"
110,104,3869,"\"Magnoliophyta\"",7,"2017-03-29 18:35:55","2017-03-29 18:35:55"
111,104,3869,"\"eudicotyledons\"",8,"2017-03-29 18:35:55","2017-03-29 18:35:55"
112,104,3869,"\"Gunneridae\"",9,"2017-03-29 18:35:55","2017-03-29 18:35:55"
113,104,3869,"\"Pentapetalae\"",10,"2017-03-29 18:35:55","2017-03-29 18:35:55"
114,104,3869,"\"rosids\"",11,"2017-03-29 18:35:55","2017-03-29 18:35:55"
115,104,3869,"\"fabids\"",12,"2017-03-29 18:35:55","2017-03-29 18:35:55"
116,104,3869,"\"Fabales\"",13,"2017-03-29 18:35:55","2017-03-29 18:35:55"
117,104,3869,"\"Fabaceae\"",14,"2017-03-29 18:35:55","2017-03-29 18:35:55"
118,104,3869,"\"Papilionoideae\"",15,"2017-03-29 18:35:55","2017-03-29 18:35:55"
119,104,3869,"\"Genisteae\"",16,"2017-03-29 18:35:55","2017-03-29 18:35:55"
120,104,3869,"\"Lupinus\"",17,"2017-03-29 18:35:55","2017-03-29 18:35:55"
121,121,4146,"\"Eukaryota\"",1,"2017-03-29 18:35:55","2017-03-29 18:35:55"
122,121,4146,"\"Viridiplantae\"",2,"2017-03-29 18:35:55","2017-03-29 18:35:55"
123,121,4146,"\"Streptophyta\"",3,"2017-03-29 18:35:55","2017-03-29 18:35:55"
124,121,4146,"\"Embryophyta\"",4,"2017-03-29 18:35:55","2017-03-29 18:35:55"
125,121,4146,"\"Tracheophyta\"",5,"2017-03-29 18:35:55","2017-03-29 18:35:55"
126,121,4146,"\"Spermatophyta\"",6,"2017-03-29 18:35:55","2017-03-29 18:35:55"
127,121,4146,"\"Magnoliophyta\"",7,"2017-03-29 18:35:55","2017-03-29 18:35:55"
128,121,4146,"\"eudicotyledons\"",8,"2017-03-29 18:35:55","2017-03-29 18:35:55"
129,121,4146,"\"Gunneridae\"",9,"2017-03-29 18:35:55","2017-03-29 18:35:55"
130,121,4146,"\"Pentapetalae\"",10,"2017-03-29 18:35:55","2017-03-29 18:35:55"
131,121,4146,"\"asterids\"",11,"2017-03-29 18:35:55","2017-03-29 18:35:55"
132,121,4146,"\"lamiids\"",12,"2017-03-29 18:35:55","2017-03-29 18:35:55"
133,121,4146,"\"Lamiales\"",13,"2017-03-29 18:35:55","2017-03-29 18:35:55"
134,121,4146,"\"Oleaceae\"",14,"2017-03-29 18:35:55","2017-03-29 18:35:55"
135,121,4146,"\"Oleeae\"",15,"2017-03-29 18:35:55","2017-03-29 18:35:55"
136,121,4146,"\"Olea\"",16,"2017-03-29 18:35:55","2017-03-29 18:35:55"
137,137,271192,"\"Eukaryota\"",1,"2017-03-29 18:35:55","2017-03-29 18:35:55"
138,137,271192,"\"Viridiplantae\"",2,"2017-03-29 18:35:55","2017-03-29 18:35:55"
139,137,271192,"\"Streptophyta\"",3,"2017-03-29 18:35:55","2017-03-29 18:35:55"
140,137,271192,"\"Embryophyta\"",4,"2017-03-29 18:35:55","2017-03-29 18:35:55"
141,137,271192,"\"Tracheophyta\"",5,"2017-03-29 18:35:56","2017-03-29 18:35:56"
142,137,271192,"\"Spermatophyta\"",6,"2017-03-29 18:35:56","2017-03-29 18:35:56"
143,137,271192,"\"Magnoliophyta\"",7,"2017-03-29 18:35:56","2017-03-29 18:35:56"
144,137,271192,"\"eudicotyledons\"",8,"2017-03-29 18:35:56","2017-03-29 18:35:56"
145,137,271192,"\"Gunneridae\"",9,"2017-03-29 18:35:56","2017-03-29 18:35:56"
146,137,271192,"\"Pentapetalae\"",10,"2017-03-29 18:35:56","2017-03-29 18:35:56"
147,137,271192,"\"asterids\"",11,"2017-03-29 18:35:56","2017-03-29 18:35:56"
148,137,271192,"\"campanulids\"",12,"2017-03-29 18:35:56","2017-03-29 18:35:56"
149,137,271192,"\"Apiales\"",13,"2017-03-29 18:35:56","2017-03-29 18:35:56"
150,137,271192,"\"Apiaceae\"",14,"2017-03-29 18:35:56","2017-03-29 18:35:56"
151,137,271192,"\"Apioideae\"",15,"2017-03-29 18:35:56","2017-03-29 18:35:56"
152,137,271192,"\"apioid superclade\"",16,"2017-03-29 18:35:56","2017-03-29 18:35:56"
153,137,271192,"\"Pimpinelleae\"",17,"2017-03-29 18:35:56","2017-03-29 18:35:56"
154,137,271192,"\"Pimpinella\"",18,"2017-03-29 18:35:56","2017-03-29 18:35:56"
155,155,78511,"\"Eukaryota\"",1,"2017-03-29 18:35:56","2017-03-29 18:35:56"
156,155,78511,"\"Viridiplantae\"",2,"2017-03-29 18:35:56","2017-03-29 18:35:56"
157,155,78511,"\"Streptophyta\"",3,"2017-03-29 18:35:56","2017-03-29 18:35:56"
158,155,78511,"\"Embryophyta\"",4,"2017-03-29 18:35:56","2017-03-29 18:35:56"
159,155,78511,"\"Tracheophyta\"",5,"2017-03-29 18:35:56","2017-03-29 18:35:56"
160,155,78511,"\"Spermatophyta\"",6,"2017-03-29 18:35:56","2017-03-29 18:35:56"
161,155,78511,"\"Magnoliophyta\"",7,"2017-03-29 18:35:56","2017-03-29 18:35:56"
162,155,78511,"\"eudicotyledons\"",8,"2017-03-29 18:35:56","2017-03-29 18:35:56"
163,155,78511,"\"Gunneridae\"",9,"2017-03-29 18:35:56","2017-03-29 18:35:56"
164,155,78511,"\"Pentapetalae\"",10,"2017-03-29 18:35:56","2017-03-29 18:35:56"
165,155,78511,"\"Saxifragales\"",11,"2017-03-29 18:35:56","2017-03-29 18:35:56"
166,155,78511,"\"Grossulariaceae\"",12,"2017-03-29 18:35:56","2017-03-29 18:35:56"
167,155,78511,"\"Ribes\"",13,"2017-03-29 18:35:56","2017-03-29 18:35:56"
168,168,49988,"\"Eukaryota\"",1,"2017-03-29 18:35:56","2017-03-29 18:35:56"
169,168,49988,"\"Viridiplantae\"",2,"2017-03-29 18:35:56","2017-03-29 18:35:56"
170,168,49988,"\"Streptophyta\"",3,"2017-03-29 18:35:56","2017-03-29 18:35:56"
171,168,49988,"\"Embryophyta\"",4,"2017-03-29 18:35:56","2017-03-29 18:35:56"
172,168,49988,"\"Tracheophyta\"",5,"2017-03-29 18:35:56","2017-03-29 18:35:56"
173,168,49988,"\"Spermatophyta\"",6,"2017-03-29 18:35:56","2017-03-29 18:35:56"
174,168,49988,"\"Magnoliophyta\"",7,"2017-03-29 18:35:56","2017-03-29 18:35:56"
175,168,49988,"\"eudicotyledons\"",8,"2017-03-29 18:35:56","2017-03-29 18:35:56"
176,168,49988,"\"Gunneridae\"",9,"2017-03-29 18:35:56","2017-03-29 18:35:56"
177,168,49988,"\"Pentapetalae\"",10,"2017-03-29 18:35:56","2017-03-29 18:35:56"
178,168,49988,"\"asterids\"",11,"2017-03-29 18:35:56","2017-03-29 18:35:56"
179,168,49988,"\"lamiids\"",12,"2017-03-29 18:35:56","2017-03-29 18:35:56"
180,168,49988,"\"Lamiales\"",13,"2017-03-29 18:35:56","2017-03-29 18:35:56"
181,168,49988,"\"Lamiaceae\"",14,"2017-03-29 18:35:56","2017-03-29 18:35:56"
182,168,49988,"\"Nepetoideae\"",15,"2017-03-29 18:35:56","2017-03-29 18:35:56"
183,168,49988,"\"Mentheae\"",16,"2017-03-29 18:35:56","2017-03-29 18:35:56"
184,168,49988,"\"Satureja\"",17,"2017-03-29 18:35:56","2017-03-29 18:35:56"
185,185,172266,"\"Eukaryota\"",1,"2017-03-29 18:35:56","2017-03-29 18:35:56"
186,185,172266,"\"Viridiplantae\"",2,"2017-03-29 18:35:56","2017-03-29 18:35:56"
187,185,172266,"\"Streptophyta\"",3,"2017-03-29 18:35:56","2017-03-29 18:35:56"
188,185,172266,"\"Embryophyta\"",4,"2017-03-29 18:35:56","2017-03-29 18:35:56"
189,185,172266,"\"Tracheophyta\"",5,"2017-03-29 18:35:56","2017-03-29 18:35:56"
190,185,172266,"\"Spermatophyta\"",6,"2017-03-29 18:35:56","2017-03-29 18:35:56"
191,185,172266,"\"Magnoliophyta\"",7,"2017-03-29 18:35:56","2017-03-29 18:35:56"
192,185,172266,"\"eudicotyledons\"",8,"2017-03-29 18:35:56","2017-03-29 18:35:56"
193,185,172266,"\"Gunneridae\"",9,"2017-03-29 18:35:56","2017-03-29 18:35:56"
194,185,172266,"\"Pentapetalae\"",10,"2017-03-29 18:35:56","2017-03-29 18:35:56"
195,185,172266,"\"rosids\"",11,"2017-03-29 18:35:56","2017-03-29 18:35:56"
196,185,172266,"\"malvids\"",12,"2017-03-29 18:35:56","2017-03-29 18:35:56"
197,185,172266,"\"Malvales\"",13,"2017-03-29 18:35:56","2017-03-29 18:35:56"
198,185,172266,"\"Malvaceae\"",14,"2017-03-29 18:35:56","2017-03-29 18:35:56"
199,185,172266,"\"Tilioideae\"",15,"2017-03-29 18:35:56","2017-03-29 18:35:56"
200,185,172266,"\"Tilia\"",16,"2017-03-29 18:35:56","2017-03-29 18:35:56"
201,201,87088,"\"Eukaryota\"",1,"2017-03-29 18:35:56","2017-03-29 18:35:56"
202,201,87088,"\"Viridiplantae\"",2,"2017-03-29 18:35:57","2017-03-29 18:35:57"
203,201,87088,"\"Streptophyta\"",3,"2017-03-29 18:35:57","2017-03-29 18:35:57"
204,201,87088,"\"Embryophyta\"",4,"2017-03-29 18:35:57","2017-03-29 18:35:57"
205,201,87088,"\"Tracheophyta\"",5,"2017-03-29 18:35:57","2017-03-29 18:35:57"
206,201,87088,"\"Spermatophyta\"",6,"2017-03-29 18:35:57","2017-03-29 18:35:57"
207,201,87088,"\"Magnoliophyta\"",7,"2017-03-29 18:35:57","2017-03-29 18:35:57"
208,201,87088,"\"eudicotyledons\"",8,"2017-03-29 18:35:57","2017-03-29 18:35:57"
209,201,87088,"\"Gunneridae\"",9,"2017-03-29 18:35:57","2017-03-29 18:35:57"
210,201,87088,"\"Pentapetalae\"",10,"2017-03-29 18:35:57","2017-03-29 18:35:57"
211,201,87088,"\"rosids\"",11,"2017-03-29 18:35:57","2017-03-29 18:35:57"
212,201,87088,"\"fabids\"",12,"2017-03-29 18:35:57","2017-03-29 18:35:57"
213,201,87088,"\"Fabales\"",13,"2017-03-29 18:35:57","2017-03-29 18:35:57"
214,201,87088,"\"Fabaceae\"",14,"2017-03-29 18:35:57","2017-03-29 18:35:57"
215,201,87088,"\"Papilionoideae\"",15,"2017-03-29 18:35:57","2017-03-29 18:35:57"
216,201,87088,"\"Phaseoleae\"",16,"2017-03-29 18:35:57","2017-03-29 18:35:57"
217,201,87088,"\"Vigna\"",17,"2017-03-29 18:35:57","2017-03-29 18:35:57"
218,218,176259,"\"Eukaryota\"",1,"2017-03-29 18:35:57","2017-03-29 18:35:57"
219,218,176259,"\"Viridiplantae\"",2,"2017-03-29 18:35:57","2017-03-29 18:35:57"
220,218,176259,"\"Streptophyta\"",3,"2017-03-29 18:35:57","2017-03-29 18:35:57"
221,218,176259,"\"Embryophyta\"",4,"2017-03-29 18:35:57","2017-03-29 18:35:57"
222,218,176259,"\"Tracheophyta\"",5,"2017-03-29 18:35:57","2017-03-29 18:35:57"
223,218,176259,"\"Spermatophyta\"",6,"2017-03-29 18:35:57","2017-03-29 18:35:57"
224,218,176259,"\"Magnoliophyta\"",7,"2017-03-29 18:35:57","2017-03-29 18:35:57"
225,218,176259,"\"eudicotyledons\"",8,"2017-03-29 18:35:57","2017-03-29 18:35:57"
226,218,176259,"\"Gunneridae\"",9,"2017-03-29 18:35:57","2017-03-29 18:35:57"
227,218,176259,"\"Pentapetalae\"",10,"2017-03-29 18:35:57","2017-03-29 18:35:57"
228,218,176259,"\"asterids\"",11,"2017-03-29 18:35:57","2017-03-29 18:35:57"
229,218,176259,"\"Ericales\"",12,"2017-03-29 18:35:57","2017-03-29 18:35:57"
230,218,176259,"\"Ericaceae\"",13,"2017-03-29 18:35:57","2017-03-29 18:35:57"
231,218,176259,"\"Vaccinioideae\"",14,"2017-03-29 18:35:57","2017-03-29 18:35:57"
232,218,176259,"\"Vaccinieae\"",15,"2017-03-29 18:35:57","2017-03-29 18:35:57"
233,218,176259,"\"Vaccinium\"",16,"2017-03-29 18:35:57","2017-03-29 18:35:57"
234,234,151071,"\"Eukaryota\"",1,"2017-03-29 18:35:57","2017-03-29 18:35:57"
235,234,151071,"\"Viridiplantae\"",2,"2017-03-29 18:35:57","2017-03-29 18:35:57"
236,234,151071,"\"Streptophyta\"",3,"2017-03-29 18:35:57","2017-03-29 18:35:57"
237,234,151071,"\"Embryophyta\"",4,"2017-03-29 18:35:57","2017-03-29 18:35:57"
238,234,151071,"\"Tracheophyta\"",5,"2017-03-29 18:35:57","2017-03-29 18:35:57"
239,234,151071,"\"Spermatophyta\"",6,"2017-03-29 18:35:57","2017-03-29 18:35:57"
240,234,151071,"\"Magnoliophyta\"",7,"2017-03-29 18:35:57","2017-03-29 18:35:57"
241,234,151071,"\"eudicotyledons\"",8,"2017-03-29 18:35:57","2017-03-29 18:35:57"
242,234,151071,"\"Gunneridae\"",9,"2017-03-29 18:35:57","2017-03-29 18:35:57"
243,234,151071,"\"Pentapetalae\"",10,"2017-03-29 18:35:57","2017-03-29 18:35:57"
244,234,151071,"\"rosids\"",11,"2017-03-29 18:35:57","2017-03-29 18:35:57"
245,234,151071,"\"malvids\"",12,"2017-03-29 18:35:57","2017-03-29 18:35:57"
246,234,151071,"\"Sapindales\"",13,"2017-03-29 18:35:57","2017-03-29 18:35:57"
247,234,151071,"\"Sapindaceae\"",14,"2017-03-29 18:35:57","2017-03-29 18:35:57"
248,234,151071,"\"Nephelium\"",15,"2017-03-29 18:35:57","2017-03-29 18:35:57"
249,249,941588,"\"Eukaryota\"",1,"2017-03-29 18:35:57","2017-03-29 18:35:57"
250,249,941588,"\"Viridiplantae\"",2,"2017-03-29 18:35:57","2017-03-29 18:35:57"
251,249,941588,"\"Streptophyta\"",3,"2017-03-29 18:35:57","2017-03-29 18:35:57"
252,249,941588,"\"Embryophyta\"",4,"2017-03-29 18:35:57","2017-03-29 18:35:57"
253,249,941588,"\"Tracheophyta\"",5,"2017-03-29 18:35:57","2017-03-29 18:35:57"
254,249,941588,"\"Spermatophyta\"",6,"2017-03-29 18:35:57","2017-03-29 18:35:57"
255,249,941588,"\"Magnoliophyta\"",7,"2017-03-29 18:35:57","2017-03-29 18:35:57"
256,249,941588,"\"eudicotyledons\"",8,"2017-03-29 18:35:58","2017-03-29 18:35:58"
257,249,941588,"\"Gunneridae\"",9,"2017-03-29 18:35:58","2017-03-29 18:35:58"
258,249,941588,"\"Pentapetalae\"",10,"2017-03-29 18:35:58","2017-03-29 18:35:58"
259,249,941588,"\"asterids\"",11,"2017-03-29 18:35:58","2017-03-29 18:35:58"
260,249,941588,"\"campanulids\"",12,"2017-03-29 18:35:58","2017-03-29 18:35:58"
261,249,941588,"\"Apiales\"",13,"2017-03-29 18:35:58","2017-03-29 18:35:58"
262,249,941588,"\"Apiaceae\"",14,"2017-03-29 18:35:58","2017-03-29 18:35:58"
263,249,941588,"\"Apioideae\"",15,"2017-03-29 18:35:58","2017-03-29 18:35:58"
264,249,941588,"\"apioid superclade\"",16,"2017-03-29 18:35:58","2017-03-29 18:35:58"
265,249,941588,"\"Apieae\"",17,"2017-03-29 18:35:58","2017-03-29 18:35:58"
266,249,941588,"\"Apium\"",18,"2017-03-29 18:35:58","2017-03-29 18:35:58"
267,267,175226,"\"Eukaryota\"",1,"2017-03-29 18:35:58","2017-03-29 18:35:58"
268,267,175226,"\"Viridiplantae\"",2,"2017-03-29 18:35:58","2017-03-29 18:35:58"
269,267,175226,"\"Streptophyta\"",3,"2017-03-29 18:35:58","2017-03-29 18:35:58"
270,267,175226,"\"Embryophyta\"",4,"2017-03-29 18:35:58","2017-03-29 18:35:58"
271,267,175226,"\"Tracheophyta\"",5,"2017-03-29 18:35:58","2017-03-29 18:35:58"
272,267,175226,"\"Spermatophyta\"",6,"2017-03-29 18:35:58","2017-03-29 18:35:58"
273,267,175226,"\"Magnoliophyta\"",7,"2017-03-29 18:35:58","2017-03-29 18:35:58"
274,267,175226,"\"eudicotyledons\"",8,"2017-03-29 18:35:58","2017-03-29 18:35:58"
275,267,175226,"\"Gunneridae\"",9,"2017-03-29 18:35:58","2017-03-29 18:35:58"
276,267,175226,"\"Pentapetalae\"",10,"2017-03-29 18:35:58","2017-03-29 18:35:58"
277,267,175226,"\"Saxifragales\"",11,"2017-03-29 18:35:58","2017-03-29 18:35:58"
278,267,175226,"\"Grossulariaceae\"",12,"2017-03-29 18:35:58","2017-03-29 18:35:58"
279,267,175226,"\"Ribes\"",13,"2017-03-29 18:35:58","2017-03-29 18:35:58"
280,280,6452,"\"Eukaryota\"",1,"2017-03-29 18:35:58","2017-03-29 18:35:58"
281,280,6452,"\"Metazoa\"",2,"2017-03-29 18:35:58","2017-03-29 18:35:58"
282,280,6452,"\"Lophotrochozoa\"",3,"2017-03-29 18:35:58","2017-03-29 18:35:58"
283,280,6452,"\"Mollusca\"",4,"2017-03-29 18:35:58","2017-03-29 18:35:58"
284,280,6452,"\"Gastropoda\"",5,"2017-03-29 18:35:58","2017-03-29 18:35:58"
285,280,6452,"\"Vetigastropoda\"",6,"2017-03-29 18:35:58","2017-03-29 18:35:58"
286,280,6452,"\"Haliotoidea\"",7,"2017-03-29 18:35:58","2017-03-29 18:35:58"
287,280,6452,"\"Haliotidae\"",8,"2017-03-29 18:35:58","2017-03-29 18:35:58"
288,280,6452,"\"Haliotis\"",9,"2017-03-29 18:35:58","2017-03-29 18:35:58"
289,289,3564,"\"Eukaryota\"",1,"2017-03-29 18:35:58","2017-03-29 18:35:58"
290,289,3564,"\"Viridiplantae\"",2,"2017-03-29 18:35:58","2017-03-29 18:35:58"
291,289,3564,"\"Streptophyta\"",3,"2017-03-29 18:35:58","2017-03-29 18:35:58"
292,289,3564,"\"Embryophyta\"",4,"2017-03-29 18:35:58","2017-03-29 18:35:58"
293,289,3564,"\"Tracheophyta\"",5,"2017-03-29 18:35:58","2017-03-29 18:35:58"
294,289,3564,"\"Spermatophyta\"",6,"2017-03-29 18:35:58","2017-03-29 18:35:58"
295,289,3564,"\"Magnoliophyta\"",7,"2017-03-29 18:35:58","2017-03-29 18:35:58"
296,289,3564,"\"eudicotyledons\"",8,"2017-03-29 18:35:58","2017-03-29 18:35:58"
297,289,3564,"\"Gunneridae\"",9,"2017-03-29 18:35:58","2017-03-29 18:35:58"
298,289,3564,"\"Pentapetalae\"",10,"2017-03-29 18:35:58","2017-03-29 18:35:58"
299,289,3564,"\"Caryophyllales\"",11,"2017-03-29 18:35:58","2017-03-29 18:35:58"
300,289,3564,"\"Amaranthaceae\"",12,"2017-03-29 18:35:58","2017-03-29 18:35:58"
301,289,3564,"\"Amaranthus\"",13,"2017-03-29 18:35:58","2017-03-29 18:35:58"
302,302,9749,"\"Eukaryota\"",1,"2017-03-29 18:35:58","2017-03-29 18:35:58"
303,302,9749,"\"Metazoa\"",2,"2017-03-29 18:35:58","2017-03-29 18:35:58"
304,302,9749,"\"Chordata\"",3,"2017-03-29 18:35:58","2017-03-29 18:35:58"
305,302,9749,"\"Craniata\"",4,"2017-03-29 18:35:58","2017-03-29 18:35:58"
306,302,9749,"\"Vertebrata\"",5,"2017-03-29 18:35:58","2017-03-29 18:35:58"
307,302,9749,"\"Euteleostomi\"",6,"2017-03-29 18:35:58","2017-03-29 18:35:58"
308,302,9749,"\"Mammalia\"",7,"2017-03-29 18:35:58","2017-03-29 18:35:58"
309,302,9749,"\"Eutheria\"",8,"2017-03-29 18:35:58","2017-03-29 18:35:58"
310,302,9749,"\"Laurasiatheria\"",9,"2017-03-29 18:35:58","2017-03-29 18:35:58"
311,302,9749,"\"Cetartiodactyla\"",10,"2017-03-29 18:35:58","2017-03-29 18:35:58"
312,302,9749,"\"Cetacea\"",11,"2017-03-29 18:35:58","2017-03-29 18:35:58"
313,302,9749,"\"Odontoceti\"",12,"2017-03-29 18:35:58","2017-03-29 18:35:58"
314,302,9749,"\"Monodontidae\"",13,"2017-03-29 18:35:58","2017-03-29 18:35:58"
315,302,9749,"\"Delphinapterus\"",14,"2017-03-29 18:35:58","2017-03-29 18:35:58"
316,316,89462,"\"Eukaryota\"",1,"2017-03-29 18:35:58","2017-03-29 18:35:58"
317,316,89462,"\"Metazoa\"",2,"2017-03-29 18:35:58","2017-03-29 18:35:58"
318,316,89462,"\"Chordata\"",3,"2017-03-29 18:35:58","2017-03-29 18:35:58"
319,316,89462,"\"Craniata\"",4,"2017-03-29 18:35:58","2017-03-29 18:35:58"
320,316,89462,"\"Vertebrata\"",5,"2017-03-29 18:35:58","2017-03-29 18:35:58"
321,316,89462,"\"Euteleostomi\"",6,"2017-03-29 18:35:58","2017-03-29 18:35:58"
322,316,89462,"\"Mammalia\"",7,"2017-03-29 18:35:58","2017-03-29 18:35:58"
323,316,89462,"\"Eutheria\"",8,"2017-03-29 18:35:58","2017-03-29 18:35:58"
324,316,89462,"\"Laurasiatheria\"",9,"2017-03-29 18:35:58","2017-03-29 18:35:58"
325,316,89462,"\"Cetartiodactyla\"",10,"2017-03-29 18:35:58","2017-03-29 18:35:58"
326,316,89462,"\"Ruminantia\"",11,"2017-03-29 18:35:58","2017-03-29 18:35:58"
327,316,89462,"\"Pecora\"",12,"2017-03-29 18:35:58","2017-03-29 18:35:58"
328,316,89462,"\"Bovidae\"",13,"2017-03-29 18:35:58","2017-03-29 18:35:58"
329,316,89462,"\"Bovinae\"",14,"2017-03-29 18:35:59","2017-03-29 18:35:59"
330,316,89462,"\"Bubalus\"",15,"2017-03-29 18:35:59","2017-03-29 18:35:59"
331,331,49314,"\"Eukaryota\"",1,"2017-03-29 18:35:59","2017-03-29 18:35:59"
332,331,49314,"\"Viridiplantae\"",2,"2017-03-29 18:35:59","2017-03-29 18:35:59"
333,331,49314,"\"Streptophyta\"",3,"2017-03-29 18:35:59","2017-03-29 18:35:59"
334,331,49314,"\"Embryophyta\"",4,"2017-03-29 18:35:59","2017-03-29 18:35:59"
335,331,49314,"\"Tracheophyta\"",5,"2017-03-29 18:35:59","2017-03-29 18:35:59"
336,331,49314,"\"Spermatophyta\"",6,"2017-03-29 18:35:59","2017-03-29 18:35:59"
337,331,49314,"\"Magnoliophyta\"",7,"2017-03-29 18:35:59","2017-03-29 18:35:59"
338,331,49314,"\"Magnoliidae\"",8,"2017-03-29 18:35:59","2017-03-29 18:35:59"
339,331,49314,"\"Magnoliales\"",9,"2017-03-29 18:35:59","2017-03-29 18:35:59"
340,331,49314,"\"Annonaceae\"",10,"2017-03-29 18:35:59","2017-03-29 18:35:59"
341,331,49314,"\"Annona\"",11,"2017-03-29 18:35:59","2017-03-29 18:35:59"
342,342,80720,"\"Eukaryota\"",1,"2017-03-29 18:35:59","2017-03-29 18:35:59"
343,342,80720,"\"Metazoa\"",2,"2017-03-29 18:35:59","2017-03-29 18:35:59"
344,342,80720,"\"Chordata\"",3,"2017-03-29 18:35:59","2017-03-29 18:35:59"
345,342,80720,"\"Craniata\"",4,"2017-03-29 18:35:59","2017-03-29 18:35:59"
346,342,80720,"\"Vertebrata\"",5,"2017-03-29 18:35:59","2017-03-29 18:35:59"
347,342,80720,"\"Euteleostomi\"",6,"2017-03-29 18:35:59","2017-03-29 18:35:59"
348,342,80720,"\"Actinopterygii\"",7,"2017-03-29 18:35:59","2017-03-29 18:35:59"
349,342,80720,"\"Neopterygii\"",8,"2017-03-29 18:35:59","2017-03-29 18:35:59"
350,342,80720,"\"Teleostei\"",9,"2017-03-29 18:35:59","2017-03-29 18:35:59"
351,342,80720,"\"Neoteleostei\"",10,"2017-03-29 18:35:59","2017-03-29 18:35:59"
352,342,80720,"\"Acanthomorphata\"",11,"2017-03-29 18:35:59","2017-03-29 18:35:59"
353,342,80720,"\"Zeiogadaria\"",12,"2017-03-29 18:35:59","2017-03-29 18:35:59"
354,342,80720,"\"Gadariae\"",13,"2017-03-29 18:35:59","2017-03-29 18:35:59"
355,342,80720,"\"Gadiformes\"",14,"2017-03-29 18:35:59","2017-03-29 18:35:59"
356,342,80720,"\"Gadoidei\"",15,"2017-03-29 18:35:59","2017-03-29 18:35:59"
357,342,80720,"\"Gadidae\"",16,"2017-03-29 18:35:59","2017-03-29 18:35:59"
358,342,80720,"\"Gadus\"",17,"2017-03-29 18:35:59","2017-03-29 18:35:59"
359,359,29965,"\"Eukaryota\"",1,"2017-03-29 18:35:59","2017-03-29 18:35:59"
360,359,29965,"\"Metazoa\"",2,"2017-03-29 18:35:59","2017-03-29 18:35:59"
361,359,29965,"\"Ecdysozoa\"",3,"2017-03-29 18:35:59","2017-03-29 18:35:59"
362,359,29965,"\"Arthropoda\"",4,"2017-03-29 18:35:59","2017-03-29 18:35:59"
363,359,29965,"\"Crustacea\"",5,"2017-03-29 18:35:59","2017-03-29 18:35:59"
364,359,29965,"\"Malacostraca\"",6,"2017-03-29 18:35:59","2017-03-29 18:35:59"
365,359,29965,"\"Eumalacostraca\"",7,"2017-03-29 18:35:59","2017-03-29 18:35:59"
366,359,29965,"\"Eucarida\"",8,"2017-03-29 18:35:59","2017-03-29 18:35:59"
367,359,29965,"\"Decapoda\"",9,"2017-03-29 18:35:59","2017-03-29 18:35:59"
368,359,29965,"\"Pleocyemata\"",10,"2017-03-29 18:35:59","2017-03-29 18:35:59"
369,359,29965,"\"Brachyura\"",11,"2017-03-29 18:35:59","2017-03-29 18:35:59"
370,359,29965,"\"Eubrachyura\"",12,"2017-03-29 18:35:59","2017-03-29 18:35:59"
371,359,29965,"\"Cancroidea\"",13,"2017-03-29 18:35:59","2017-03-29 18:35:59"
372,359,29965,"\"Cancridae\"",14,"2017-03-29 18:35:59","2017-03-29 18:35:59"
373,359,29965,"\"Metacarcinus\"",15,"2017-03-29 18:35:59","2017-03-29 18:35:59"
374,374,3603,"\"Eukaryota\"",1,"2017-03-29 18:35:59","2017-03-29 18:35:59"
375,374,3603,"\"Viridiplantae\"",2,"2017-03-29 18:35:59","2017-03-29 18:35:59"
376,374,3603,"\"Streptophyta\"",3,"2017-03-29 18:35:59","2017-03-29 18:35:59"
377,374,3603,"\"Embryophyta\"",4,"2017-03-29 18:35:59","2017-03-29 18:35:59"
378,374,3603,"\"Tracheophyta\"",5,"2017-03-29 18:35:59","2017-03-29 18:35:59"
379,374,3603,"\"Spermatophyta\"",6,"2017-03-29 18:35:59","2017-03-29 18:35:59"
380,374,3603,"\"Magnoliophyta\"",7,"2017-03-29 18:35:59","2017-03-29 18:35:59"
381,374,3603,"\"eudicotyledons\"",8,"2017-03-29 18:35:59","2017-03-29 18:35:59"
382,374,3603,"\"Gunneridae\"",9,"2017-03-29 18:35:59","2017-03-29 18:35:59"
383,374,3603,"\"Pentapetalae\"",10,"2017-03-29 18:35:59","2017-03-29 18:35:59"
384,374,3603,"\"rosids\"",11,"2017-03-29 18:35:59","2017-03-29 18:35:59"
385,374,3603,"\"Vitales\"",12,"2017-03-29 18:35:59","2017-03-29 18:35:59"
386,374,3603,"\"Vitaceae\"",13,"2017-03-29 18:35:59","2017-03-29 18:35:59"
387,374,3603,"\"Vitis\"",14,"2017-03-29 18:35:59","2017-03-29 18:35:59"
388,388,271940,"\"Eukaryota\"",1,"2017-03-29 18:35:59","2017-03-29 18:35:59"
389,388,271940,"\"Metazoa\"",2,"2017-03-29 18:35:59","2017-03-29 18:35:59"
390,388,271940,"\"Chordata\"",3,"2017-03-29 18:35:59","2017-03-29 18:35:59"
391,388,271940,"\"Craniata\"",4,"2017-03-29 18:35:59","2017-03-29 18:35:59"
392,388,271940,"\"Vertebrata\"",5,"2017-03-29 18:35:59","2017-03-29 18:35:59"
393,388,271940,"\"Euteleostomi\"",6,"2017-03-29 18:35:59","2017-03-29 18:35:59"
394,388,271940,"\"Actinopterygii\"",7,"2017-03-29 18:35:59","2017-03-29 18:35:59"
395,388,271940,"\"Neopterygii\"",8,"2017-03-29 18:35:59","2017-03-29 18:35:59"
396,388,271940,"\"Teleostei\"",9,"2017-03-29 18:35:59","2017-03-29 18:35:59"
397,388,271940,"\"Neoteleostei\"",10,"2017-03-29 18:35:59","2017-03-29 18:35:59"
398,388,271940,"\"Acanthomorphata\"",11,"2017-03-29 18:35:59","2017-03-29 18:35:59"
399,388,271940,"\"Carangaria\"",12,"2017-03-29 18:35:59","2017-03-29 18:35:59"
400,388,271940,"\"Carangiformes\"",13,"2017-03-29 18:35:59","2017-03-29 18:35:59"
401,388,271940,"\"Carangidae\"",14,"2017-03-29 18:35:59","2017-03-29 18:35:59"
402,388,271940,"\"Trachurus\"",15,"2017-03-29 18:35:59","2017-03-29 18:35:59"
403,403,225387,"\"Eukaryota\"",1,"2017-03-29 18:35:59","2017-03-29 18:35:59"
404,403,225387,"\"Metazoa\"",2,"2017-03-29 18:35:59","2017-03-29 18:35:59"
405,403,225387,"\"Chordata\"",3,"2017-03-29 18:35:59","2017-03-29 18:35:59"
406,403,225387,"\"Craniata\"",4,"2017-03-29 18:35:59","2017-03-29 18:35:59"
407,403,225387,"\"Vertebrata\"",5,"2017-03-29 18:35:59","2017-03-29 18:35:59"
408,403,225387,"\"Euteleostomi\"",6,"2017-03-29 18:35:59","2017-03-29 18:35:59"
409,403,225387,"\"Actinopterygii\"",7,"2017-03-29 18:35:59","2017-03-29 18:35:59"
410,403,225387,"\"Neopterygii\"",8,"2017-03-29 18:36:00","2017-03-29 18:36:00"
411,403,225387,"\"Teleostei\"",9,"2017-03-29 18:36:00","2017-03-29 18:36:00"
412,403,225387,"\"Neoteleostei\"",10,"2017-03-29 18:36:00","2017-03-29 18:36:00"
413,403,225387,"\"Acanthomorphata\"",11,"2017-03-29 18:36:00","2017-03-29 18:36:00"
414,403,225387,"\"Eupercaria\"",12,"2017-03-29 18:36:00","2017-03-29 18:36:00"
415,403,225387,"\"Perciformes\"",13,"2017-03-29 18:36:00","2017-03-29 18:36:00"
416,403,225387,"\"Cottioidei\"",14,"2017-03-29 18:36:00","2017-03-29 18:36:00"
417,403,225387,"\"Hexagrammales\"",15,"2017-03-29 18:36:00","2017-03-29 18:36:00"
418,403,225387,"\"Hexagrammidae\"",16,"2017-03-29 18:36:00","2017-03-29 18:36:00"
419,403,225387,"\"Ophiodon\"",17,"2017-03-29 18:36:00","2017-03-29 18:36:00"
420,420,3728,"\"Eukaryota\"",1,"2017-03-29 18:36:00","2017-03-29 18:36:00"
421,420,3728,"\"Viridiplantae\"",2,"2017-03-29 18:36:00","2017-03-29 18:36:00"
422,420,3728,"\"Streptophyta\"",3,"2017-03-29 18:36:00","2017-03-29 18:36:00"
423,420,3728,"\"Embryophyta\"",4,"2017-03-29 18:36:00","2017-03-29 18:36:00"
424,420,3728,"\"Tracheophyta\"",5,"2017-03-29 18:36:00","2017-03-29 18:36:00"
425,420,3728,"\"Spermatophyta\"",6,"2017-03-29 18:36:00","2017-03-29 18:36:00"
426,420,3728,"\"Magnoliophyta\"",7,"2017-03-29 18:36:00","2017-03-29 18:36:00"
427,420,3728,"\"eudicotyledons\"",8,"2017-03-29 18:36:00","2017-03-29 18:36:00"
428,420,3728,"\"Gunneridae\"",9,"2017-03-29 18:36:00","2017-03-29 18:36:00"
429,420,3728,"\"Pentapetalae\"",10,"2017-03-29 18:36:00","2017-03-29 18:36:00"
430,420,3728,"\"rosids\"",11,"2017-03-29 18:36:00","2017-03-29 18:36:00"
431,420,3728,"\"malvids\"",12,"2017-03-29 18:36:00","2017-03-29 18:36:00"
432,420,3728,"\"Brassicales\"",13,"2017-03-29 18:36:00","2017-03-29 18:36:00"
433,420,3728,"\"Brassicaceae\"",14,"2017-03-29 18:36:00","2017-03-29 18:36:00"
434,420,3728,"\"Brassiceae\"",15,"2017-03-29 18:36:00","2017-03-29 18:36:00"
435,420,3728,"\"Sinapis\"",16,"2017-03-29 18:36:00","2017-03-29 18:36:00"
436,436,40321,"\"Eukaryota\"",1,"2017-03-29 18:36:00","2017-03-29 18:36:00"
437,436,40321,"\"Viridiplantae\"",2,"2017-03-29 18:36:00","2017-03-29 18:36:00"
438,436,40321,"\"Streptophyta\"",3,"2017-03-29 18:36:00","2017-03-29 18:36:00"
439,436,40321,"\"Embryophyta\"",4,"2017-03-29 18:36:00","2017-03-29 18:36:00"
440,436,40321,"\"Tracheophyta\"",5,"2017-03-29 18:36:00","2017-03-29 18:36:00"
441,436,40321,"\"Spermatophyta\"",6,"2017-03-29 18:36:00","2017-03-29 18:36:00"
442,436,40321,"\"Magnoliophyta\"",7,"2017-03-29 18:36:00","2017-03-29 18:36:00"
443,436,40321,"\"eudicotyledons\"",8,"2017-03-29 18:36:00","2017-03-29 18:36:00"
444,436,40321,"\"Gunneridae\"",9,"2017-03-29 18:36:00","2017-03-29 18:36:00"
445,436,40321,"\"Pentapetalae\"",10,"2017-03-29 18:36:00","2017-03-29 18:36:00"
446,436,40321,"\"asterids\"",11,"2017-03-29 18:36:00","2017-03-29 18:36:00"
447,436,40321,"\"lamiids\"",12,"2017-03-29 18:36:00","2017-03-29 18:36:00"
448,436,40321,"\"Solanales\"",13,"2017-03-29 18:36:00","2017-03-29 18:36:00"
449,436,40321,"\"Solanaceae\"",14,"2017-03-29 18:36:00","2017-03-29 18:36:00"
450,436,40321,"\"Solanoideae\"",15,"2017-03-29 18:36:00","2017-03-29 18:36:00"
451,436,40321,"\"Capsiceae\"",16,"2017-03-29 18:36:00","2017-03-29 18:36:00"
452,436,40321,"\"Capsicum\"",17,"2017-03-29 18:36:00","2017-03-29 18:36:00"
453,453,8014,"\"Eukaryota\"",1,"2017-03-29 18:36:00","2017-03-29 18:36:00"
454,453,8014,"\"Metazoa\"",2,"2017-03-29 18:36:00","2017-03-29 18:36:00"
455,453,8014,"\"Chordata\"",3,"2017-03-29 18:36:00","2017-03-29 18:36:00"
456,453,8014,"\"Craniata\"",4,"2017-03-29 18:36:00","2017-03-29 18:36:00"
457,453,8014,"\"Vertebrata\"",5,"2017-03-29 18:36:00","2017-03-29 18:36:00"
458,453,8014,"\"Euteleostomi\"",6,"2017-03-29 18:36:00","2017-03-29 18:36:00"
459,453,8014,"\"Actinopterygii\"",7,"2017-03-29 18:36:00","2017-03-29 18:36:00"
460,453,8014,"\"Neopterygii\"",8,"2017-03-29 18:36:00","2017-03-29 18:36:00"
461,453,8014,"\"Teleostei\"",9,"2017-03-29 18:36:00","2017-03-29 18:36:00"
462,453,8014,"\"Stomiatii\"",10,"2017-03-29 18:36:00","2017-03-29 18:36:00"
463,453,8014,"\"Osmeriformes\"",11,"2017-03-29 18:36:00","2017-03-29 18:36:00"
464,453,8014,"\"Osmeridae\"",12,"2017-03-29 18:36:00","2017-03-29 18:36:00"
465,453,8014,"\"Osmerus\"",13,"2017-03-29 18:36:00","2017-03-29 18:36:00"
466,466,59499,"\"Eukaryota\"",1,"2017-03-29 18:36:00","2017-03-29 18:36:00"
467,466,59499,"\"Viridiplantae\"",2,"2017-03-29 18:36:00","2017-03-29 18:36:00"
468,466,59499,"\"Streptophyta\"",3,"2017-03-29 18:36:00","2017-03-29 18:36:00"
469,466,59499,"\"Embryophyta\"",4,"2017-03-29 18:36:00","2017-03-29 18:36:00"
470,466,59499,"\"Tracheophyta\"",5,"2017-03-29 18:36:00","2017-03-29 18:36:00"
471,466,59499,"\"Spermatophyta\"",6,"2017-03-29 18:36:00","2017-03-29 18:36:00"
472,466,59499,"\"Magnoliophyta\"",7,"2017-03-29 18:36:00","2017-03-29 18:36:00"
473,466,59499,"\"eudicotyledons\"",8,"2017-03-29 18:36:00","2017-03-29 18:36:00"
474,466,59499,"\"Gunneridae\"",9,"2017-03-29 18:36:00","2017-03-29 18:36:00"
475,466,59499,"\"Pentapetalae\"",10,"2017-03-29 18:36:00","2017-03-29 18:36:00"
476,466,59499,"\"rosids\"",11,"2017-03-29 18:36:00","2017-03-29 18:36:00"
477,466,59499,"\"fabids\"",12,"2017-03-29 18:36:00","2017-03-29 18:36:00"
478,466,59499,"\"Rosales\"",13,"2017-03-29 18:36:00","2017-03-29 18:36:00"
479,466,59499,"\"Rosaceae\"",14,"2017-03-29 18:36:00","2017-03-29 18:36:00"
480,466,59499,"\"Rosoideae\"",15,"2017-03-29 18:36:00","2017-03-29 18:36:00"
481,466,59499,"\"Rosoideae unplaced\"",16,"2017-03-29 18:36:00","2017-03-29 18:36:00"
482,466,59499,"\"Rubus\"",17,"2017-03-29 18:36:00","2017-03-29 18:36:00"
483,483,9940,"\"Eukaryota\"",1,"2017-03-29 18:36:01","2017-03-29 18:36:01"
484,483,9940,"\"Metazoa\"",2,"2017-03-29 18:36:01","2017-03-29 18:36:01"
485,483,9940,"\"Chordata\"",3,"2017-03-29 18:36:01","2017-03-29 18:36:01"
486,483,9940,"\"Craniata\"",4,"2017-03-29 18:36:01","2017-03-29 18:36:01"
487,483,9940,"\"Vertebrata\"",5,"2017-03-29 18:36:01","2017-03-29 18:36:01"
488,483,9940,"\"Euteleostomi\"",6,"2017-03-29 18:36:01","2017-03-29 18:36:01"
489,483,9940,"\"Mammalia\"",7,"2017-03-29 18:36:01","2017-03-29 18:36:01"
490,483,9940,"\"Eutheria\"",8,"2017-03-29 18:36:01","2017-03-29 18:36:01"
491,483,9940,"\"Laurasiatheria\"",9,"2017-03-29 18:36:01","2017-03-29 18:36:01"
492,483,9940,"\"Cetartiodactyla\"",10,"2017-03-29 18:36:01","2017-03-29 18:36:01"
493,483,9940,"\"Ruminantia\"",11,"2017-03-29 18:36:01","2017-03-29 18:36:01"
494,483,9940,"\"Pecora\"",12,"2017-03-29 18:36:01","2017-03-29 18:36:01"
495,483,9940,"\"Bovidae\"",13,"2017-03-29 18:36:01","2017-03-29 18:36:01"
496,483,9940,"\"Caprinae\"",14,"2017-03-29 18:36:01","2017-03-29 18:36:01"
497,483,9940,"\"Ovis\"",15,"2017-03-29 18:36:01","2017-03-29 18:36:01"
498,498,8245,"\"Eukaryota\"",1,"2017-03-29 18:36:01","2017-03-29 18:36:01"
499,498,8245,"\"Metazoa\"",2,"2017-03-29 18:36:01","2017-03-29 18:36:01"
500,498,8245,"\"Chordata\"",3,"2017-03-29 18:36:01","2017-03-29 18:36:01"
501,498,8245,"\"Craniata\"",4,"2017-03-29 18:36:01","2017-03-29 18:36:01"
502,498,8245,"\"Vertebrata\"",5,"2017-03-29 18:36:01","2017-03-29 18:36:01"
503,498,8245,"\"Euteleostomi\"",6,"2017-03-29 18:36:01","2017-03-29 18:36:01"
504,498,8245,"\"Actinopterygii\"",7,"2017-03-29 18:36:01","2017-03-29 18:36:01"
505,498,8245,"\"Neopterygii\"",8,"2017-03-29 18:36:01","2017-03-29 18:36:01"
506,498,8245,"\"Teleostei\"",9,"2017-03-29 18:36:01","2017-03-29 18:36:01"
507,498,8245,"\"Neoteleostei\"",10,"2017-03-29 18:36:01","2017-03-29 18:36:01"
508,498,8245,"\"Acanthomorphata\"",11,"2017-03-29 18:36:01","2017-03-29 18:36:01"
509,498,8245,"\"Carangaria\"",12,"2017-03-29 18:36:01","2017-03-29 18:36:01"
510,498,8245,"\"Istiophoriformes\"",13,"2017-03-29 18:36:01","2017-03-29 18:36:01"
511,498,8245,"\"Xiphiidae\"",14,"2017-03-29 18:36:01","2017-03-29 18:36:01"
512,498,8245,"\"Xiphias\"",15,"2017-03-29 18:36:01","2017-03-29 18:36:01"
513,513,348707,"\"Eukaryota\"",1,"2017-03-29 18:36:01","2017-03-29 18:36:01"
514,513,348707,"\"Metazoa\"",2,"2017-03-29 18:36:01","2017-03-29 18:36:01"
515,513,348707,"\"Chordata\"",3,"2017-03-29 18:36:01","2017-03-29 18:36:01"
516,513,348707,"\"Craniata\"",4,"2017-03-29 18:36:01","2017-03-29 18:36:01"
517,513,348707,"\"Vertebrata\"",5,"2017-03-29 18:36:01","2017-03-29 18:36:01"
518,513,348707,"\"Euteleostomi\"",6,"2017-03-29 18:36:01","2017-03-29 18:36:01"
519,513,348707,"\"Actinopterygii\"",7,"2017-03-29 18:36:01","2017-03-29 18:36:01"
520,513,348707,"\"Neopterygii\"",8,"2017-03-29 18:36:01","2017-03-29 18:36:01"
521,513,348707,"\"Teleostei\"",9,"2017-03-29 18:36:01","2017-03-29 18:36:01"
522,513,348707,"\"Protacanthopterygii\"",10,"2017-03-29 18:36:01","2017-03-29 18:36:01"
523,513,348707,"\"Salmoniformes\"",11,"2017-03-29 18:36:01","2017-03-29 18:36:01"
524,513,348707,"\"Salmonidae\"",12,"2017-03-29 18:36:01","2017-03-29 18:36:01"
525,513,348707,"\"Coregoninae\"",13,"2017-03-29 18:36:01","2017-03-29 18:36:01"
526,513,348707,"\"Coregonus\"",14,"2017-03-29 18:36:01","2017-03-29 18:36:01"
527,527,8267,"\"Eukaryota\"",1,"2017-03-29 18:36:01","2017-03-29 18:36:01"
528,527,8267,"\"Metazoa\"",2,"2017-03-29 18:36:01","2017-03-29 18:36:01"
529,527,8267,"\"Chordata\"",3,"2017-03-29 18:36:01","2017-03-29 18:36:01"
530,527,8267,"\"Craniata\"",4,"2017-03-29 18:36:01","2017-03-29 18:36:01"
531,527,8267,"\"Vertebrata\"",5,"2017-03-29 18:36:01","2017-03-29 18:36:01"
532,527,8267,"\"Euteleostomi\"",6,"2017-03-29 18:36:01","2017-03-29 18:36:01"
533,527,8267,"\"Actinopterygii\"",7,"2017-03-29 18:36:01","2017-03-29 18:36:01"
534,527,8267,"\"Neopterygii\"",8,"2017-03-29 18:36:01","2017-03-29 18:36:01"
535,527,8267,"\"Teleostei\"",9,"2017-03-29 18:36:01","2017-03-29 18:36:01"
536,527,8267,"\"Neoteleostei\"",10,"2017-03-29 18:36:01","2017-03-29 18:36:01"
537,527,8267,"\"Acanthomorphata\"",11,"2017-03-29 18:36:01","2017-03-29 18:36:01"
538,527,8267,"\"Carangaria\"",12,"2017-03-29 18:36:01","2017-03-29 18:36:01"
539,527,8267,"\"Pleuronectiformes\"",13,"2017-03-29 18:36:01","2017-03-29 18:36:01"
540,527,8267,"\"Pleuronectoidei\"",14,"2017-03-29 18:36:01","2017-03-29 18:36:01"
541,527,8267,"\"Pleuronectidae\"",15,"2017-03-29 18:36:01","2017-03-29 18:36:01"
542,527,8267,"\"Hippoglossus\"",16,"2017-03-29 18:36:01","2017-03-29 18:36:01"
543,544,6544,"\"Eukaryota\"",1,"2017-03-29 18:36:01","2017-03-29 18:36:01"
544,544,6544,"\"Metazoa\"",2,"2017-03-29 18:36:01","2017-03-29 18:36:01"
545,544,6544,"\"Lophotrochozoa\"",3,"2017-03-29 18:36:01","2017-03-29 18:36:01"
546,544,6544,"\"Mollusca\"",4,"2017-03-29 18:36:01","2017-03-29 18:36:01"
547,544,6544,"\"Bivalvia\"",5,"2017-03-29 18:36:01","2017-03-29 18:36:01"
548,548,8252,"\"Eukaryota\"",1,"2017-03-29 18:36:01","2017-03-29 18:36:01"
549,548,8252,"\"Metazoa\"",2,"2017-03-29 18:36:01","2017-03-29 18:36:01"
550,548,8252,"\"Chordata\"",3,"2017-03-29 18:36:01","2017-03-29 18:36:01"
551,548,8252,"\"Craniata\"",4,"2017-03-29 18:36:01","2017-03-29 18:36:01"
552,548,8252,"\"Vertebrata\"",5,"2017-03-29 18:36:01","2017-03-29 18:36:01"
553,548,8252,"\"Euteleostomi\"",6,"2017-03-29 18:36:01","2017-03-29 18:36:01"
554,548,8252,"\"Actinopterygii\"",7,"2017-03-29 18:36:01","2017-03-29 18:36:01"
555,548,8252,"\"Neopterygii\"",8,"2017-03-29 18:36:01","2017-03-29 18:36:01"
556,548,8252,"\"Teleostei\"",9,"2017-03-29 18:36:02","2017-03-29 18:36:02"
557,548,8252,"\"Neoteleostei\"",10,"2017-03-29 18:36:02","2017-03-29 18:36:02"
558,548,8252,"\"Acanthomorphata\"",11,"2017-03-29 18:36:02","2017-03-29 18:36:02"
559,548,8252,"\"Carangaria\"",12,"2017-03-29 18:36:02","2017-03-29 18:36:02"
560,548,8252,"\"Pleuronectiformes\"",13,"2017-03-29 18:36:02","2017-03-29 18:36:02"
561,561,5341,"\"Eukaryota\"",1,"2017-03-29 18:36:02","2017-03-29 18:36:02"
562,561,5341,"\"Fungi\"",2,"2017-03-29 18:36:02","2017-03-29 18:36:02"
563,561,5341,"\"Dikarya\"",3,"2017-03-29 18:36:02","2017-03-29 18:36:02"
564,561,5341,"\"Basidiomycota\"",4,"2017-03-29 18:36:02","2017-03-29 18:36:02"
565,561,5341,"\"Agaricomycotina\"",5,"2017-03-29 18:36:02","2017-03-29 18:36:02"
566,561,5341,"\"Agaricomycetes\"",6,"2017-03-29 18:36:02","2017-03-29 18:36:02"
567,561,5341,"\"Agaricomycetidae\"",7,"2017-03-29 18:36:02","2017-03-29 18:36:02"
568,561,5341,"\"Agaricales\"",8,"2017-03-29 18:36:02","2017-03-29 18:36:02"
569,561,5341,"\"Agaricaceae\"",9,"2017-03-29 18:36:02","2017-03-29 18:36:02"
570,561,5341,"\"Agaricus\"",10,"2017-03-29 18:36:02","2017-03-29 18:36:02"
571,571,59837,"\"Eukaryota\"",1,"2017-03-29 18:36:02","2017-03-29 18:36:02"
572,571,59837,"\"Metazoa\"",2,"2017-03-29 18:36:02","2017-03-29 18:36:02"
573,571,59837,"\"Chordata\"",3,"2017-03-29 18:36:02","2017-03-29 18:36:02"
574,571,59837,"\"Craniata\"",4,"2017-03-29 18:36:02","2017-03-29 18:36:02"
575,571,59837,"\"Vertebrata\"",5,"2017-03-29 18:36:02","2017-03-29 18:36:02"
576,571,59837,"\"Euteleostomi\"",6,"2017-03-29 18:36:02","2017-03-29 18:36:02"
577,571,59837,"\"Actinopterygii\"",7,"2017-03-29 18:36:02","2017-03-29 18:36:02"
578,571,59837,"\"Neopterygii\"",8,"2017-03-29 18:36:02","2017-03-29 18:36:02"
579,571,59837,"\"Teleostei\"",9,"2017-03-29 18:36:02","2017-03-29 18:36:02"
580,571,59837,"\"Neoteleostei\"",10,"2017-03-29 18:36:02","2017-03-29 18:36:02"
581,571,59837,"\"Acanthomorphata\"",11,"2017-03-29 18:36:02","2017-03-29 18:36:02"
582,571,59837,"\"Eupercaria\"",12,"2017-03-29 18:36:02","2017-03-29 18:36:02"
583,571,59837,"\"Sciaenidae\"",13,"2017-03-29 18:36:02","2017-03-29 18:36:02"
584,571,59837,"\"Leiostomus\"",14,"2017-03-29 18:36:02","2017-03-29 18:36:02"
585,585,8033,"\"Eukaryota\"",1,"2017-03-29 18:36:02","2017-03-29 18:36:02"
586,585,8033,"\"Metazoa\"",2,"2017-03-29 18:36:02","2017-03-29 18:36:02"
587,585,8033,"\"Chordata\"",3,"2017-03-29 18:36:02","2017-03-29 18:36:02"
588,585,8033,"\"Craniata\"",4,"2017-03-29 18:36:02","2017-03-29 18:36:02"
589,585,8033,"\"Vertebrata\"",5,"2017-03-29 18:36:02","2017-03-29 18:36:02"
590,585,8033,"\"Euteleostomi\"",6,"2017-03-29 18:36:02","2017-03-29 18:36:02"
591,585,8033,"\"Actinopterygii\"",7,"2017-03-29 18:36:02","2017-03-29 18:36:02"
592,585,8033,"\"Neopterygii\"",8,"2017-03-29 18:36:02","2017-03-29 18:36:02"
593,585,8033,"\"Teleostei\"",9,"2017-03-29 18:36:02","2017-03-29 18:36:02"
594,585,8033,"\"Protacanthopterygii\"",10,"2017-03-29 18:36:02","2017-03-29 18:36:02"
595,585,8033,"\"Salmoniformes\"",11,"2017-03-29 18:36:02","2017-03-29 18:36:02"
596,585,8033,"\"Salmonidae\"",12,"2017-03-29 18:36:02","2017-03-29 18:36:02"
597,585,8033,"\"Salmoninae\"",13,"2017-03-29 18:36:02","2017-03-29 18:36:02"
598,585,8033,"\"Salvelinus\"",14,"2017-03-29 18:36:02","2017-03-29 18:36:02"
599,599,8101,"\"Eukaryota\"",1,"2017-03-29 18:36:02","2017-03-29 18:36:02"
600,599,8101,"\"Metazoa\"",2,"2017-03-29 18:36:02","2017-03-29 18:36:02"
601,599,8101,"\"Chordata\"",3,"2017-03-29 18:36:02","2017-03-29 18:36:02"
602,599,8101,"\"Craniata\"",4,"2017-03-29 18:36:02","2017-03-29 18:36:02"
603,599,8101,"\"Vertebrata\"",5,"2017-03-29 18:36:02","2017-03-29 18:36:02"
604,599,8101,"\"Euteleostomi\"",6,"2017-03-29 18:36:02","2017-03-29 18:36:02"
605,599,8101,"\"Actinopterygii\"",7,"2017-03-29 18:36:02","2017-03-29 18:36:02"
606,599,8101,"\"Neopterygii\"",8,"2017-03-29 18:36:02","2017-03-29 18:36:02"
607,599,8101,"\"Teleostei\"",9,"2017-03-29 18:36:02","2017-03-29 18:36:02"
608,599,8101,"\"Neoteleostei\"",10,"2017-03-29 18:36:02","2017-03-29 18:36:02"
609,599,8101,"\"Acanthomorphata\"",11,"2017-03-29 18:36:02","2017-03-29 18:36:02"
610,599,8101,"\"Eupercaria\"",12,"2017-03-29 18:36:02","2017-03-29 18:36:02"
611,599,8101,"\"Perciformes\"",13,"2017-03-29 18:36:02","2017-03-29 18:36:02"
612,599,8101,"\"Cottioidei\"",14,"2017-03-29 18:36:02","2017-03-29 18:36:02"
613,599,8101,"\"Cottales\"",15,"2017-03-29 18:36:02","2017-03-29 18:36:02"
614,599,8101,"\"Cyclopteridae\"",16,"2017-03-29 18:36:02","2017-03-29 18:36:02"
615,615,2763,"\"Eukaryota\"",1,"2017-03-29 18:36:02","2017-03-29 18:36:02"
616,615,2763,"\"Rhodophyta\"",2,"2017-03-29 18:36:02","2017-03-29 18:36:02"
617,617,6448,"\"Eukaryota\"",1,"2017-03-29 18:36:02","2017-03-29 18:36:02"
618,617,6448,"\"Metazoa\"",2,"2017-03-29 18:36:02","2017-03-29 18:36:02"
619,617,6448,"\"Lophotrochozoa\"",3,"2017-03-29 18:36:02","2017-03-29 18:36:02"
620,617,6448,"\"Mollusca\"",4,"2017-03-29 18:36:02","2017-03-29 18:36:02"
621,617,6448,"\"Gastropoda\"",5,"2017-03-29 18:36:02","2017-03-29 18:36:02"
622,622,16718,"\"Eukaryota\"",1,"2017-03-29 18:36:02","2017-03-29 18:36:02"
623,622,16718,"\"Viridiplantae\"",2,"2017-03-29 18:36:02","2017-03-29 18:36:02"
624,622,16718,"\"Streptophyta\"",3,"2017-03-29 18:36:02","2017-03-29 18:36:02"
625,622,16718,"\"Embryophyta\"",4,"2017-03-29 18:36:02","2017-03-29 18:36:02"
626,622,16718,"\"Tracheophyta\"",5,"2017-03-29 18:36:02","2017-03-29 18:36:02"
627,622,16718,"\"Spermatophyta\"",6,"2017-03-29 18:36:02","2017-03-29 18:36:02"
628,622,16718,"\"Magnoliophyta\"",7,"2017-03-29 18:36:02","2017-03-29 18:36:02"
629,622,16718,"\"eudicotyledons\"",8,"2017-03-29 18:36:02","2017-03-29 18:36:02"
630,622,16718,"\"Gunneridae\"",9,"2017-03-29 18:36:02","2017-03-29 18:36:02"
631,622,16718,"\"Pentapetalae\"",10,"2017-03-29 18:36:03","2017-03-29 18:36:03"
632,622,16718,"\"rosids\"",11,"2017-03-29 18:36:03","2017-03-29 18:36:03"
633,622,16718,"\"fabids\"",12,"2017-03-29 18:36:03","2017-03-29 18:36:03"
634,622,16718,"\"Fagales\"",13,"2017-03-29 18:36:03","2017-03-29 18:36:03"
635,622,16718,"\"Juglandaceae\"",14,"2017-03-29 18:36:03","2017-03-29 18:36:03"
636,622,16718,"\"Juglans\"",15,"2017-03-29 18:36:03","2017-03-29 18:36:03"
637,723,8113,"\"Eukaryota\"",1,"2017-03-29 18:36:03","2017-03-29 18:36:03"
638,723,8113,"\"Metazoa\"",2,"2017-03-29 18:36:03","2017-03-29 18:36:03"
639,723,8113,"\"Chordata\"",3,"2017-03-29 18:36:03","2017-03-29 18:36:03"
640,723,8113,"\"Craniata\"",4,"2017-03-29 18:36:03","2017-03-29 18:36:03"
641,723,8113,"\"Vertebrata\"",5,"2017-03-29 18:36:03","2017-03-29 18:36:03"
642,723,8113,"\"Euteleostomi\"",6,"2017-03-29 18:36:03","2017-03-29 18:36:03"
643,723,8113,"\"Actinopterygii\"",7,"2017-03-29 18:36:03","2017-03-29 18:36:03"
644,723,8113,"\"Neopterygii\"",8,"2017-03-29 18:36:03","2017-03-29 18:36:03"
645,723,8113,"\"Teleostei\"",9,"2017-03-29 18:36:03","2017-03-29 18:36:03"
646,723,8113,"\"Neoteleostei\"",10,"2017-03-29 18:36:03","2017-03-29 18:36:03"
647,723,8113,"\"Acanthomorphata\"",11,"2017-03-29 18:36:03","2017-03-29 18:36:03"
648,723,8113,"\"Ovalentaria\"",12,"2017-03-29 18:36:03","2017-03-29 18:36:03"
649,723,8113,"\"Cichlomorphae\"",13,"2017-03-29 18:36:03","2017-03-29 18:36:03"
650,723,8113,"\"Cichliformes\"",14,"2017-03-29 18:36:03","2017-03-29 18:36:03"
651,723,8113,"\"Cichlidae\"",15,"2017-03-29 18:36:03","2017-03-29 18:36:03"
652,726,8469,"\"Eukaryota\"",1,"2017-03-29 18:36:03","2017-03-29 18:36:03"
653,726,8469,"\"Metazoa\"",2,"2017-03-29 18:36:03","2017-03-29 18:36:03"
654,726,8469,"\"Chordata\"",3,"2017-03-29 18:36:03","2017-03-29 18:36:03"
655,726,8469,"\"Craniata\"",4,"2017-03-29 18:36:03","2017-03-29 18:36:03"
656,726,8469,"\"Vertebrata\"",5,"2017-03-29 18:36:03","2017-03-29 18:36:03"
657,726,8469,"\"Euteleostomi\"",6,"2017-03-29 18:36:03","2017-03-29 18:36:03"
658,726,8469,"\"Archelosauria\"",7,"2017-03-29 18:36:03","2017-03-29 18:36:03"
659,726,8469,"\"Testudines\"",8,"2017-03-29 18:36:03","2017-03-29 18:36:03"
660,726,8469,"\"Cryptodira\"",9,"2017-03-29 18:36:03","2017-03-29 18:36:03"
661,726,8469,"\"Durocryptodira\"",10,"2017-03-29 18:36:03","2017-03-29 18:36:03"
662,726,8469,"\"Americhelydia\"",11,"2017-03-29 18:36:03","2017-03-29 18:36:03"
663,726,8469,"\"Chelonioidea\"",12,"2017-03-29 18:36:03","2017-03-29 18:36:03"
664,726,8469,"\"Cheloniidae\"",13,"2017-03-29 18:36:03","2017-03-29 18:36:03"
665,726,8469,"\"Chelonia\"",14,"2017-03-29 18:36:03","2017-03-29 18:36:03"
666,748,183260,"\"Eukaryota\"",1,"2017-03-29 18:36:03","2017-03-29 18:36:03"
667,748,183260,"\"Viridiplantae\"",2,"2017-03-29 18:36:03","2017-03-29 18:36:03"
668,748,183260,"\"Streptophyta\"",3,"2017-03-29 18:36:03","2017-03-29 18:36:03"
669,748,183260,"\"Embryophyta\"",4,"2017-03-29 18:36:03","2017-03-29 18:36:03"
670,748,183260,"\"Tracheophyta\"",5,"2017-03-29 18:36:03","2017-03-29 18:36:03"
671,748,183260,"\"Spermatophyta\"",6,"2017-03-29 18:36:03","2017-03-29 18:36:03"
672,748,183260,"\"Magnoliophyta\"",7,"2017-03-29 18:36:03","2017-03-29 18:36:03"
673,748,183260,"\"eudicotyledons\"",8,"2017-03-29 18:36:03","2017-03-29 18:36:03"
674,748,183260,"\"Gunneridae\"",9,"2017-03-29 18:36:03","2017-03-29 18:36:03"
675,748,183260,"\"Pentapetalae\"",10,"2017-03-29 18:36:03","2017-03-29 18:36:03"
676,748,183260,"\"rosids\"",11,"2017-03-29 18:36:03","2017-03-29 18:36:03"
677,748,183260,"\"malvids\"",12,"2017-03-29 18:36:03","2017-03-29 18:36:03"
678,748,183260,"\"Malvales\"",13,"2017-03-29 18:36:03","2017-03-29 18:36:03"
679,748,183260,"\"Malvaceae\"",14,"2017-03-29 18:36:03","2017-03-29 18:36:03"
680,748,183260,"\"Malvoideae\"",15,"2017-03-29 18:36:03","2017-03-29 18:36:03"
681,748,183260,"\"Hibiscus\"",16,"2017-03-29 18:36:03","2017-03-29 18:36:03"
682,756,5192,"\"Eukaryota\"",1,"2017-03-29 18:36:03","2017-03-29 18:36:03"
683,756,5192,"\"Fungi\"",2,"2017-03-29 18:36:03","2017-03-29 18:36:03"
684,756,5192,"\"Dikarya\"",3,"2017-03-29 18:36:03","2017-03-29 18:36:03"
685,756,5192,"\"Ascomycota\"",4,"2017-03-29 18:36:03","2017-03-29 18:36:03"
686,756,5192,"\"Pezizomycotina\"",5,"2017-03-29 18:36:03","2017-03-29 18:36:03"
687,756,5192,"\"Pezizomycetes\"",6,"2017-03-29 18:36:03","2017-03-29 18:36:03"
688,756,5192,"\"Pezizales\"",7,"2017-03-29 18:36:03","2017-03-29 18:36:03"
689,756,5192,"\"Morchellaceae\"",8,"2017-03-29 18:36:03","2017-03-29 18:36:03"
690,786,61886,"\"Eukaryota\"",1,"2017-03-29 18:36:03","2017-03-29 18:36:03"
691,786,61886,"\"Viridiplantae\"",2,"2017-03-29 18:36:03","2017-03-29 18:36:03"
692,786,61886,"\"Streptophyta\"",3,"2017-03-29 18:36:03","2017-03-29 18:36:03"
693,786,61886,"\"Embryophyta\"",4,"2017-03-29 18:36:03","2017-03-29 18:36:03"
694,786,61886,"\"Tracheophyta\"",5,"2017-03-29 18:36:03","2017-03-29 18:36:03"
695,786,61886,"\"Spermatophyta\"",6,"2017-03-29 18:36:03","2017-03-29 18:36:03"
696,786,61886,"\"Magnoliophyta\"",7,"2017-03-29 18:36:03","2017-03-29 18:36:03"
697,786,61886,"\"eudicotyledons\"",8,"2017-03-29 18:36:03","2017-03-29 18:36:03"
698,786,61886,"\"Gunneridae\"",9,"2017-03-29 18:36:03","2017-03-29 18:36:03"
699,786,61886,"\"Pentapetalae\"",10,"2017-03-29 18:36:03","2017-03-29 18:36:03"
700,786,61886,"\"rosids\"",11,"2017-03-29 18:36:03","2017-03-29 18:36:03"
701,786,61886,"\"fabids\"",12,"2017-03-29 18:36:03","2017-03-29 18:36:03"
702,786,61886,"\"Cucurbitales\"",13,"2017-03-29 18:36:03","2017-03-29 18:36:03"
703,786,61886,"\"Cucurbitaceae\"",14,"2017-03-29 18:36:03","2017-03-29 18:36:03"
704,786,61886,"\"Benincaseae\"",15,"2017-03-29 18:36:03","2017-03-29 18:36:03"
705,786,61886,"\"Cucumis\"",16,"2017-03-29 18:36:04","2017-03-29 18:36:04"
706,797,138011,"\"Eukaryota\"",1,"2017-03-29 18:36:04","2017-03-29 18:36:04"
707,797,138011,"\"Viridiplantae\"",2,"2017-03-29 18:36:04","2017-03-29 18:36:04"
708,797,138011,"\"Streptophyta\"",3,"2017-03-29 18:36:04","2017-03-29 18:36:04"
709,797,138011,"\"Embryophyta\"",4,"2017-03-29 18:36:04","2017-03-29 18:36:04"
710,797,138011,"\"Tracheophyta\"",5,"2017-03-29 18:36:04","2017-03-29 18:36:04"
711,797,138011,"\"Spermatophyta\"",6,"2017-03-29 18:36:04","2017-03-29 18:36:04"
712,797,138011,"\"Magnoliophyta\"",7,"2017-03-29 18:36:04","2017-03-29 18:36:04"
713,797,138011,"\"eudicotyledons\"",8,"2017-03-29 18:36:04","2017-03-29 18:36:04"
714,797,138011,"\"Gunneridae\"",9,"2017-03-29 18:36:04","2017-03-29 18:36:04"
715,797,138011,"\"Pentapetalae\"",10,"2017-03-29 18:36:04","2017-03-29 18:36:04"
716,797,138011,"\"rosids\"",11,"2017-03-29 18:36:04","2017-03-29 18:36:04"
717,797,138011,"\"malvids\"",12,"2017-03-29 18:36:04","2017-03-29 18:36:04"
718,797,138011,"\"Brassicales\"",13,"2017-03-29 18:36:04","2017-03-29 18:36:04"
719,797,138011,"\"Brassicaceae\"",14,"2017-03-29 18:36:04","2017-03-29 18:36:04"
720,797,138011,"\"Brassiceae\"",15,"2017-03-29 18:36:04","2017-03-29 18:36:04"
721,797,138011,"\"Brassica\"",16,"2017-03-29 18:36:04","2017-03-29 18:36:04"
722,798,145700,"\"Eukaryota\"",1,"2017-03-29 18:36:04","2017-03-29 18:36:04"
723,798,145700,"\"Viridiplantae\"",2,"2017-03-29 18:36:04","2017-03-29 18:36:04"
724,798,145700,"\"Streptophyta\"",3,"2017-03-29 18:36:04","2017-03-29 18:36:04"
725,798,145700,"\"Embryophyta\"",4,"2017-03-29 18:36:04","2017-03-29 18:36:04"
726,798,145700,"\"Tracheophyta\"",5,"2017-03-29 18:36:04","2017-03-29 18:36:04"
727,798,145700,"\"Spermatophyta\"",6,"2017-03-29 18:36:04","2017-03-29 18:36:04"
728,798,145700,"\"Magnoliophyta\"",7,"2017-03-29 18:36:04","2017-03-29 18:36:04"
729,798,145700,"\"Liliopsida\"",8,"2017-03-29 18:36:04","2017-03-29 18:36:04"
730,798,145700,"\"Arecaceae\"",9,"2017-03-29 18:36:04","2017-03-29 18:36:04"
731,798,145700,"\"Arecoideae\"",10,"2017-03-29 18:36:04","2017-03-29 18:36:04"
732,798,145700,"\"Cocoseae\"",11,"2017-03-29 18:36:04","2017-03-29 18:36:04"
733,798,145700,"\"Attaleinae\"",12,"2017-03-29 18:36:04","2017-03-29 18:36:04"
734,798,145700,"\"Attalea\"",13,"2017-03-29 18:36:04","2017-03-29 18:36:04"
735,799,108881,"\"Eukaryota\"",1,"2017-03-29 18:36:04","2017-03-29 18:36:04"
736,799,108881,"\"Viridiplantae\"",2,"2017-03-29 18:36:04","2017-03-29 18:36:04"
737,799,108881,"\"Streptophyta\"",3,"2017-03-29 18:36:04","2017-03-29 18:36:04"
738,799,108881,"\"Embryophyta\"",4,"2017-03-29 18:36:04","2017-03-29 18:36:04"
739,799,108881,"\"Tracheophyta\"",5,"2017-03-29 18:36:04","2017-03-29 18:36:04"
740,799,108881,"\"Spermatophyta\"",6,"2017-03-29 18:36:04","2017-03-29 18:36:04"
741,799,108881,"\"Magnoliophyta\"",7,"2017-03-29 18:36:04","2017-03-29 18:36:04"
742,799,108881,"\"eudicotyledons\"",8,"2017-03-29 18:36:04","2017-03-29 18:36:04"
743,799,108881,"\"Gunneridae\"",9,"2017-03-29 18:36:04","2017-03-29 18:36:04"
744,799,108881,"\"Pentapetalae\"",10,"2017-03-29 18:36:04","2017-03-29 18:36:04"
745,799,108881,"\"rosids\"",11,"2017-03-29 18:36:04","2017-03-29 18:36:04"
746,799,108881,"\"malvids\"",12,"2017-03-29 18:36:04","2017-03-29 18:36:04"
747,799,108881,"\"Malvales\"",13,"2017-03-29 18:36:04","2017-03-29 18:36:04"
748,799,108881,"\"Malvaceae\"",14,"2017-03-29 18:36:04","2017-03-29 18:36:04"
749,799,108881,"\"Byttnerioideae\"",15,"2017-03-29 18:36:04","2017-03-29 18:36:04"
750,799,108881,"\"Theobroma\"",16,"2017-03-29 18:36:04","2017-03-29 18:36:04"
751,800,292385,"\"Eukaryota\"",1,"2017-03-29 18:36:04","2017-03-29 18:36:04"
752,800,292385,"\"Viridiplantae\"",2,"2017-03-29 18:36:04","2017-03-29 18:36:04"
753,800,292385,"\"Streptophyta\"",3,"2017-03-29 18:36:04","2017-03-29 18:36:04"
754,800,292385,"\"Embryophyta\"",4,"2017-03-29 18:36:04","2017-03-29 18:36:04"
755,800,292385,"\"Tracheophyta\"",5,"2017-03-29 18:36:04","2017-03-29 18:36:04"
756,800,292385,"\"Spermatophyta\"",6,"2017-03-29 18:36:04","2017-03-29 18:36:04"
757,800,292385,"\"Magnoliophyta\"",7,"2017-03-29 18:36:04","2017-03-29 18:36:04"
758,800,292385,"\"eudicotyledons\"",8,"2017-03-29 18:36:04","2017-03-29 18:36:04"
759,800,292385,"\"Gunneridae\"",9,"2017-03-29 18:36:04","2017-03-29 18:36:04"
760,800,292385,"\"Pentapetalae\"",10,"2017-03-29 18:36:04","2017-03-29 18:36:04"
761,800,292385,"\"asterids\"",11,"2017-03-29 18:36:04","2017-03-29 18:36:04"
762,800,292385,"\"Ericales\"",12,"2017-03-29 18:36:04","2017-03-29 18:36:04"
763,800,292385,"\"Sapotaceae\"",13,"2017-03-29 18:36:04","2017-03-29 18:36:04"
764,800,292385,"\"Sapotoideae\"",14,"2017-03-29 18:36:04","2017-03-29 18:36:04"
765,800,292385,"\"Vitellaria\"",15,"2017-03-29 18:36:04","2017-03-29 18:36:04"
766,801,385388,"\"Eukaryota\"",1,"2017-03-29 18:36:04","2017-03-29 18:36:04"
767,801,385388,"\"Viridiplantae\"",2,"2017-03-29 18:36:04","2017-03-29 18:36:04"
768,801,385388,"\"Streptophyta\"",3,"2017-03-29 18:36:04","2017-03-29 18:36:04"
769,801,385388,"\"Embryophyta\"",4,"2017-03-29 18:36:04","2017-03-29 18:36:04"
770,801,385388,"\"Tracheophyta\"",5,"2017-03-29 18:36:04","2017-03-29 18:36:04"
771,801,385388,"\"Spermatophyta\"",6,"2017-03-29 18:36:04","2017-03-29 18:36:04"
772,801,385388,"\"Magnoliophyta\"",7,"2017-03-29 18:36:04","2017-03-29 18:36:04"
773,801,385388,"\"eudicotyledons\"",8,"2017-03-29 18:36:04","2017-03-29 18:36:04"
774,801,385388,"\"Gunneridae\"",9,"2017-03-29 18:36:04","2017-03-29 18:36:04"
775,801,385388,"\"Pentapetalae\"",10,"2017-03-29 18:36:04","2017-03-29 18:36:04"
776,801,385388,"\"asterids\"",11,"2017-03-29 18:36:04","2017-03-29 18:36:04"
777,801,385388,"\"Ericales\"",12,"2017-03-29 18:36:04","2017-03-29 18:36:04"
778,801,385388,"\"Theaceae\"",13,"2017-03-29 18:36:04","2017-03-29 18:36:04"
779,801,385388,"\"Camellia\"",14,"2017-03-29 18:36:04","2017-03-29 18:36:04"
780,802,224910,"\"Eukaryota\"",1,"2017-03-29 18:36:04","2017-03-29 18:36:04"
781,802,224910,"\"Viridiplantae\"",2,"2017-03-29 18:36:04","2017-03-29 18:36:04"
782,802,224910,"\"Streptophyta\"",3,"2017-03-29 18:36:04","2017-03-29 18:36:04"
783,802,224910,"\"Embryophyta\"",4,"2017-03-29 18:36:04","2017-03-29 18:36:04"
784,802,224910,"\"Tracheophyta\"",5,"2017-03-29 18:36:04","2017-03-29 18:36:04"
785,802,224910,"\"Spermatophyta\"",6,"2017-03-29 18:36:05","2017-03-29 18:36:05"
786,802,224910,"\"Magnoliophyta\"",7,"2017-03-29 18:36:05","2017-03-29 18:36:05"
787,802,224910,"\"Magnoliidae\"",8,"2017-03-29 18:36:05","2017-03-29 18:36:05"
788,802,224910,"\"Magnoliales\"",9,"2017-03-29 18:36:05","2017-03-29 18:36:05"
789,802,224910,"\"Myristicaceae\"",10,"2017-03-29 18:36:05","2017-03-29 18:36:05"
790,802,224910,"\"Virola\"",11,"2017-03-29 18:36:05","2017-03-29 18:36:05"
791,813,4270,"\"Eukaryota\"",1,"2017-03-29 18:36:05","2017-03-29 18:36:05"
792,813,4270,"\"Viridiplantae\"",2,"2017-03-29 18:36:05","2017-03-29 18:36:05"
793,813,4270,"\"Streptophyta\"",3,"2017-03-29 18:36:05","2017-03-29 18:36:05"
794,813,4270,"\"Embryophyta\"",4,"2017-03-29 18:36:05","2017-03-29 18:36:05"
795,813,4270,"\"Tracheophyta\"",5,"2017-03-29 18:36:05","2017-03-29 18:36:05"
796,813,4270,"\"Spermatophyta\"",6,"2017-03-29 18:36:05","2017-03-29 18:36:05"
797,813,4270,"\"Magnoliophyta\"",7,"2017-03-29 18:36:05","2017-03-29 18:36:05"
798,813,4270,"\"eudicotyledons\"",8,"2017-03-29 18:36:05","2017-03-29 18:36:05"
799,813,4270,"\"Gunneridae\"",9,"2017-03-29 18:36:05","2017-03-29 18:36:05"
800,813,4270,"\"Pentapetalae\"",10,"2017-03-29 18:36:05","2017-03-29 18:36:05"
801,813,4270,"\"rosids\"",11,"2017-03-29 18:36:05","2017-03-29 18:36:05"
802,813,4270,"\"fabids\"",12,"2017-03-29 18:36:05","2017-03-29 18:36:05"
803,813,4270,"\"Malpighiales\"",13,"2017-03-29 18:36:05","2017-03-29 18:36:05"
804,813,4270,"\"Malpighiaceae\"",14,"2017-03-29 18:36:05","2017-03-29 18:36:05"
805,813,4270,"\"Byrsonima\"",15,"2017-03-29 18:36:05","2017-03-29 18:36:05"
806,814,227725,"\"Eukaryota\"",1,"2017-03-29 18:36:05","2017-03-29 18:36:05"
807,814,227725,"\"Viridiplantae\"",2,"2017-03-29 18:36:05","2017-03-29 18:36:05"
808,814,227725,"\"Streptophyta\"",3,"2017-03-29 18:36:05","2017-03-29 18:36:05"
809,814,227725,"\"Embryophyta\"",4,"2017-03-29 18:36:05","2017-03-29 18:36:05"
810,814,227725,"\"Tracheophyta\"",5,"2017-03-29 18:36:05","2017-03-29 18:36:05"
811,814,227725,"\"Spermatophyta\"",6,"2017-03-29 18:36:05","2017-03-29 18:36:05"
812,814,227725,"\"Magnoliophyta\"",7,"2017-03-29 18:36:05","2017-03-29 18:36:05"
813,814,227725,"\"eudicotyledons\"",8,"2017-03-29 18:36:05","2017-03-29 18:36:05"
814,814,227725,"\"Gunneridae\"",9,"2017-03-29 18:36:05","2017-03-29 18:36:05"
815,814,227725,"\"Pentapetalae\"",10,"2017-03-29 18:36:05","2017-03-29 18:36:05"
816,814,227725,"\"asterids\"",11,"2017-03-29 18:36:05","2017-03-29 18:36:05"
817,814,227725,"\"lamiids\"",12,"2017-03-29 18:36:05","2017-03-29 18:36:05"
818,814,227725,"\"Solanales\"",13,"2017-03-29 18:36:05","2017-03-29 18:36:05"
819,814,227725,"\"Solanaceae\"",14,"2017-03-29 18:36:05","2017-03-29 18:36:05"
820,814,227725,"\"Solanoideae\"",15,"2017-03-29 18:36:05","2017-03-29 18:36:05"
821,814,227725,"\"Solaneae\"",16,"2017-03-29 18:36:05","2017-03-29 18:36:05"
822,814,227725,"\"Solanum\"",17,"2017-03-29 18:36:05","2017-03-29 18:36:05"
823,849,153159,"\"Eukaryota\"",1,"2017-03-29 18:36:05","2017-03-29 18:36:05"
824,849,153159,"\"Viridiplantae\"",2,"2017-03-29 18:36:05","2017-03-29 18:36:05"
825,849,153159,"\"Streptophyta\"",3,"2017-03-29 18:36:05","2017-03-29 18:36:05"
826,849,153159,"\"Embryophyta\"",4,"2017-03-29 18:36:05","2017-03-29 18:36:05"
827,849,153159,"\"Tracheophyta\"",5,"2017-03-29 18:36:05","2017-03-29 18:36:05"
828,849,153159,"\"Spermatophyta\"",6,"2017-03-29 18:36:05","2017-03-29 18:36:05"
829,849,153159,"\"Magnoliophyta\"",7,"2017-03-29 18:36:05","2017-03-29 18:36:05"
830,849,153159,"\"eudicotyledons\"",8,"2017-03-29 18:36:05","2017-03-29 18:36:05"
831,849,153159,"\"Gunneridae\"",9,"2017-03-29 18:36:05","2017-03-29 18:36:05"
832,849,153159,"\"Pentapetalae\"",10,"2017-03-29 18:36:05","2017-03-29 18:36:05"
833,849,153159,"\"asterids\"",11,"2017-03-29 18:36:05","2017-03-29 18:36:05"
834,849,153159,"\"campanulids\"",12,"2017-03-29 18:36:05","2017-03-29 18:36:05"
835,849,153159,"\"Asterales\"",13,"2017-03-29 18:36:05","2017-03-29 18:36:05"
836,849,153159,"\"Asteraceae\"",14,"2017-03-29 18:36:05","2017-03-29 18:36:05"
837,849,153159,"\"Asteroideae\"",15,"2017-03-29 18:36:05","2017-03-29 18:36:05"
838,849,153159,"\"Heliantheae alliance\"",16,"2017-03-29 18:36:05","2017-03-29 18:36:05"
839,849,153159,"\"Coreopsideae\"",17,"2017-03-29 18:36:05","2017-03-29 18:36:05"
840,849,153159,"\"Thelesperma\"",18,"2017-03-29 18:36:05","2017-03-29 18:36:05"
841,861,7713,"\"Eukaryota\"",1,"2017-03-29 18:36:05","2017-03-29 18:36:05"
842,861,7713,"\"Metazoa\"",2,"2017-03-29 18:36:05","2017-03-29 18:36:05"
843,861,7713,"\"Chordata\"",3,"2017-03-29 18:36:05","2017-03-29 18:36:05"
844,861,7713,"\"Tunicata\"",4,"2017-03-29 18:36:05","2017-03-29 18:36:05"
845,861,7713,"\"Ascidiacea\"",5,"2017-03-29 18:36:05","2017-03-29 18:36:05"
846,863,77113,"\"Eukaryota\"",1,"2017-03-29 18:36:05","2017-03-29 18:36:05"
847,863,77113,"\"Viridiplantae\"",2,"2017-03-29 18:36:05","2017-03-29 18:36:05"
848,863,77113,"\"Streptophyta\"",3,"2017-03-29 18:36:05","2017-03-29 18:36:05"
849,863,77113,"\"Embryophyta\"",4,"2017-03-29 18:36:05","2017-03-29 18:36:05"
850,863,77113,"\"Tracheophyta\"",5,"2017-03-29 18:36:05","2017-03-29 18:36:05"
851,863,77113,"\"Spermatophyta\"",6,"2017-03-29 18:36:05","2017-03-29 18:36:05"
852,863,77113,"\"Magnoliophyta\"",7,"2017-03-29 18:36:05","2017-03-29 18:36:05"
853,863,77113,"\"basal Magnoliophyta\"",8,"2017-03-29 18:36:05","2017-03-29 18:36:05"
854,863,77113,"\"Nymphaeales\"",9,"2017-03-29 18:36:05","2017-03-29 18:36:05"
855,863,77113,"\"Nymphaeaceae\"",10,"2017-03-29 18:36:05","2017-03-29 18:36:05"
856,863,77113,"\"Nuphar\"",11,"2017-03-29 18:36:05","2017-03-29 18:36:05"
857,879,113210,"\"Eukaryota\"",1,"2017-03-29 18:36:05","2017-03-29 18:36:05"
858,879,113210,"\"Viridiplantae\"",2,"2017-03-29 18:36:05","2017-03-29 18:36:05"
859,879,113210,"\"Streptophyta\"",3,"2017-03-29 18:36:05","2017-03-29 18:36:05"
860,879,113210,"\"Embryophyta\"",4,"2017-03-29 18:36:05","2017-03-29 18:36:05"
861,879,113210,"\"Tracheophyta\"",5,"2017-03-29 18:36:05","2017-03-29 18:36:05"
862,879,113210,"\"Spermatophyta\"",6,"2017-03-29 18:36:05","2017-03-29 18:36:05"
863,879,113210,"\"Magnoliophyta\"",7,"2017-03-29 18:36:05","2017-03-29 18:36:05"
864,879,113210,"\"eudicotyledons\"",8,"2017-03-29 18:36:05","2017-03-29 18:36:05"
865,879,113210,"\"Gunneridae\"",9,"2017-03-29 18:36:05","2017-03-29 18:36:05"
866,879,113210,"\"Pentapetalae\"",10,"2017-03-29 18:36:05","2017-03-29 18:36:05"
867,879,113210,"\"asterids\"",11,"2017-03-29 18:36:05","2017-03-29 18:36:05"
868,879,113210,"\"lamiids\"",12,"2017-03-29 18:36:05","2017-03-29 18:36:05"
869,879,113210,"\"Solanales\"",13,"2017-03-29 18:36:05","2017-03-29 18:36:05"
870,879,113210,"\"Solanaceae\"",14,"2017-03-29 18:36:05","2017-03-29 18:36:05"
871,879,113210,"\"Solanoideae\"",15,"2017-03-29 18:36:05","2017-03-29 18:36:05"
872,879,113210,"\"Capsiceae\"",16,"2017-03-29 18:36:05","2017-03-29 18:36:05"
873,879,113210,"\"Capsicum\"",17,"2017-03-29 18:36:05","2017-03-29 18:36:05"
874,880,4682,"\"Eukaryota\"",1,"2017-03-29 18:36:05","2017-03-29 18:36:05"
875,880,4682,"\"Viridiplantae\"",2,"2017-03-29 18:36:05","2017-03-29 18:36:05"
876,880,4682,"\"Streptophyta\"",3,"2017-03-29 18:36:05","2017-03-29 18:36:05"
877,880,4682,"\"Embryophyta\"",4,"2017-03-29 18:36:05","2017-03-29 18:36:05"
878,880,4682,"\"Tracheophyta\"",5,"2017-03-29 18:36:05","2017-03-29 18:36:05"
879,880,4682,"\"Spermatophyta\"",6,"2017-03-29 18:36:05","2017-03-29 18:36:05"
880,880,4682,"\"Magnoliophyta\"",7,"2017-03-29 18:36:06","2017-03-29 18:36:06"
881,880,4682,"\"Liliopsida\"",8,"2017-03-29 18:36:06","2017-03-29 18:36:06"
882,880,4682,"\"Asparagales\"",9,"2017-03-29 18:36:06","2017-03-29 18:36:06"
883,880,4682,"\"Amaryllidaceae\"",10,"2017-03-29 18:36:06","2017-03-29 18:36:06"
884,880,4682,"\"Allioideae\"",11,"2017-03-29 18:36:06","2017-03-29 18:36:06"
885,880,4682,"\"Allieae\"",12,"2017-03-29 18:36:06","2017-03-29 18:36:06"
886,880,4682,"\"Allium\"",13,"2017-03-29 18:36:06","2017-03-29 18:36:06"
887,887,3705,"\"Eukaryota\"",1,"2017-03-29 18:36:06","2017-03-29 18:36:06"
888,887,3705,"\"Viridiplantae\"",2,"2017-03-29 18:36:06","2017-03-29 18:36:06"
889,887,3705,"\"Streptophyta\"",3,"2017-03-29 18:36:06","2017-03-29 18:36:06"
890,887,3705,"\"Embryophyta\"",4,"2017-03-29 18:36:06","2017-03-29 18:36:06"
891,887,3705,"\"Tracheophyta\"",5,"2017-03-29 18:36:06","2017-03-29 18:36:06"
892,887,3705,"\"Spermatophyta\"",6,"2017-03-29 18:36:06","2017-03-29 18:36:06"
893,887,3705,"\"Magnoliophyta\"",7,"2017-03-29 18:36:06","2017-03-29 18:36:06"
894,887,3705,"\"eudicotyledons\"",8,"2017-03-29 18:36:06","2017-03-29 18:36:06"
895,887,3705,"\"Gunneridae\"",9,"2017-03-29 18:36:06","2017-03-29 18:36:06"
896,887,3705,"\"Pentapetalae\"",10,"2017-03-29 18:36:06","2017-03-29 18:36:06"
897,887,3705,"\"rosids\"",11,"2017-03-29 18:36:06","2017-03-29 18:36:06"
898,887,3705,"\"malvids\"",12,"2017-03-29 18:36:06","2017-03-29 18:36:06"
899,887,3705,"\"Brassicales\"",13,"2017-03-29 18:36:06","2017-03-29 18:36:06"
900,887,3705,"\"Brassicaceae\"",14,"2017-03-29 18:36:06","2017-03-29 18:36:06"
901,887,3705,"\"Brassiceae\"",15,"2017-03-29 18:36:06","2017-03-29 18:36:06"
902,887,3705,"\"Brassica\"",16,"2017-03-29 18:36:06","2017-03-29 18:36:06"
903,909,4072,"\"Eukaryota\"",1,"2017-03-29 18:36:06","2017-03-29 18:36:06"
904,909,4072,"\"Viridiplantae\"",2,"2017-03-29 18:36:06","2017-03-29 18:36:06"
905,909,4072,"\"Streptophyta\"",3,"2017-03-29 18:36:06","2017-03-29 18:36:06"
906,909,4072,"\"Embryophyta\"",4,"2017-03-29 18:36:06","2017-03-29 18:36:06"
907,909,4072,"\"Tracheophyta\"",5,"2017-03-29 18:36:06","2017-03-29 18:36:06"
908,909,4072,"\"Spermatophyta\"",6,"2017-03-29 18:36:06","2017-03-29 18:36:06"
909,909,4072,"\"Magnoliophyta\"",7,"2017-03-29 18:36:06","2017-03-29 18:36:06"
910,909,4072,"\"eudicotyledons\"",8,"2017-03-29 18:36:06","2017-03-29 18:36:06"
911,909,4072,"\"Gunneridae\"",9,"2017-03-29 18:36:06","2017-03-29 18:36:06"
912,909,4072,"\"Pentapetalae\"",10,"2017-03-29 18:36:06","2017-03-29 18:36:06"
913,909,4072,"\"asterids\"",11,"2017-03-29 18:36:06","2017-03-29 18:36:06"
914,909,4072,"\"lamiids\"",12,"2017-03-29 18:36:06","2017-03-29 18:36:06"
915,909,4072,"\"Solanales\"",13,"2017-03-29 18:36:06","2017-03-29 18:36:06"
916,909,4072,"\"Solanaceae\"",14,"2017-03-29 18:36:06","2017-03-29 18:36:06"
917,909,4072,"\"Solanoideae\"",15,"2017-03-29 18:36:06","2017-03-29 18:36:06"
918,909,4072,"\"Capsiceae\"",16,"2017-03-29 18:36:06","2017-03-29 18:36:06"
919,909,4072,"\"Capsicum\"",17,"2017-03-29 18:36:06","2017-03-29 18:36:06"
